Customer ID,Recency,Frequency,Monetary,R_score,F_score,M_score
12346,326,1,154367.2,1,1,4
12347,2,7,8620.0,4,4,4
12348,75,4,3594.48,2,3,4
12349,19,1,3515.1,3,1,4
12350,310,1,668.8,1,1,2
12352,36,8,5012.08,3,4,4
12353,204,1,178.0,1,1,1
12354,232,1,2158.8,1,1,3
12355,214,1,918.8,1,1,2
12356,23,3,5622.86,3,3,4
12357,33,1,12415.34,3,1,4
12358,2,2,2336.12,4,2,3
12359,58,4,12620.06,2,3,4
12360,52,3,5324.12,2,3,4
12361,287,1,379.8,1,1,1
12362,3,10,10452.46,4,4,4
12363,110,2,1104.0,2,2,2
12364,8,4,2626.2,4,3,3
12365,291,2,1282.76,1,2,2
12367,4,1,337.8,4,1,1
12370,51,4,7083.88,3,3,4
12371,45,2,3775.92,3,2,4
12372,72,3,2596.08,2,3,3
12373,311,1,729.2,1,1,2
12374,25,1,1485.8600000000001,3,1,3
12375,11,2,915.0,4,2,2
12377,315,2,3256.24,1,2,3
12378,130,1,8017.24,2,1,4
12379,82,2,1704.48,2,2,3
12380,22,4,5449.62,3,3,4
12381,5,5,3690.62,4,3,4
12383,185,5,3701.12,1,3,4
12384,29,2,1170.54,3,2,2
12386,338,2,803.8,1,2,2
12388,16,6,5561.32,4,4,4
12390,80,1,1099.68,2,1,2
12391,22,1,879.32,3,1,2
12393,72,4,3165.2000000000003,2,3,3
12394,64,2,2544.96,2,2,3
12395,19,12,6037.26,3,4,4
12397,36,2,4819.8,3,2,4
12398,46,1,3271.3199999999997,3,1,3
12399,119,4,2217.3,2,3,3
12401,303,1,168.6,1,1,1
12402,323,1,451.2,1,1,1
12403,50,1,855.4,3,1,2
12405,149,1,3420.78,1,1,4
12406,22,2,6830.6,3,2,4
12407,50,5,3416.2400000000002,3,3,4
12408,33,5,5777.1,3,3,4
12409,79,3,22145.34,2,3,4
12410,309,2,1386.6599999999999,1,2,3
12412,75,3,2453.76,2,3,3
12413,67,3,1516.2,2,3,3
12414,217,3,1124.82,1,3,2
12415,24,21,249829.06,3,4,4
12417,3,9,7298.2,4,4,4
12418,113,1,1337.16,2,1,3
12420,64,1,1200.78,2,1,2
12421,16,4,1614.08,4,3,3
12422,96,3,1607.1200000000001,2,3,3
12423,1,8,3718.62,4,4,4
12424,163,2,3521.92,1,2,4
12425,78,1,1554.4,2,1,3
12426,195,1,1165.46,1,1,2
12427,22,3,1651.6,3,3,3
12428,26,9,15912.92,3,4,4
12429,9,4,7500.8,4,3,4
12430,43,1,512.8,3,1,1
12431,36,15,12839.9,3,4,4
12432,43,5,10118.64,3,3,4
12433,1,7,26751.74,4,4,4
12434,85,2,1612.28,2,2,3
12435,80,2,15659.78,2,2,4
12436,100,1,1018.02,2,1,2
12437,2,18,9902.82,4,4,4
12438,14,2,5813.7,4,2,4
12441,367,1,347.1,1,1,1
12442,3,1,344.12,4,1,1
12444,21,5,10010.92,3,3,4
12445,22,1,266.8,3,1,1
12446,58,1,2004.6200000000001,2,1,3
12447,243,1,952.98,1,1,2
12448,44,1,898.9,3,1,2
12449,22,4,8134.58,3,3,4
12450,156,2,395.76,1,2,1
12451,11,5,18071.04,4,3,4
12452,17,2,861.14,4,2,2
12453,134,1,1414.18,2,1,3
12454,56,1,7056.68,2,1,4
12455,73,6,4933.72,2,4,4
12456,44,3,6362.08,3,3,4
12457,66,7,4726.46,2,4,4
12458,71,2,1894.8,2,2,3
12461,94,2,1653.76,2,2,3
12462,19,2,2379.18,3,2,3
12463,53,4,2689.56,2,3,3
12464,10,8,2424.1,4,4,3
12465,17,2,1484.3799999999999,4,2,3
12468,188,2,1459.0800000000002,1,2,3
12471,2,30,39577.3,4,4,4
12472,32,7,13144.22,3,4,4
12473,29,5,7856.099999999999,3,3,4
12474,17,18,14648.18,4,4,4
12475,54,1,1446.76,2,1,3
12476,16,11,13632.84,4,4,4
12477,23,6,26439.48,3,4,4
12478,4,1,1361.98,4,1,3
12479,11,1,1054.4,4,1,2
12480,28,4,6563.26,3,3,4
12481,23,10,11159.64,3,4,4
12483,17,8,4969.96,4,4,4
12484,33,6,9054.64,3,4,4
12488,10,3,2597.32,4,3,3
12489,336,1,669.86,1,1,2
12490,5,10,10835.86,4,4,4
12491,39,1,920.8000000000001,3,1,2
12492,63,2,526.4200000000001,2,2,1
12493,166,2,867.48,1,2,2
12494,16,7,2492.2000000000003,4,4,3
12497,82,1,2086.2,2,1,3
12498,21,3,807.4000000000001,3,3,2
12500,23,11,8515.64,3,4,4
12501,337,1,4338.78,1,1,4
12502,96,5,7447.74,2,3,4
12504,18,2,964.0999999999999,4,2,2
12506,233,1,147.0,1,1,1
12507,134,3,2609.62,2,3,3
12508,26,2,795.76,3,2,2
12509,284,1,353.0,1,1,1
12510,143,2,1965.1399999999999,1,2,3
12512,66,2,264.36,2,2,1
12513,113,1,1224.58,2,1,2
12514,267,1,2035.36,1,1,3
12515,353,1,767.4,1,1,2
12516,78,2,2624.12,2,2,3
12517,28,5,4963.2,3,3,4
12518,1,5,4113.78,4,3,4
12519,64,1,661.68,2,1,2
12520,79,5,5268.52,2,3,4
12521,143,1,1199.36,1,1,2
12522,39,2,385.44,3,2,1
12523,19,11,3579.54,3,4,4
12524,9,8,8971.44,4,4,4
12526,1,3,2633.32,4,3,3
12527,82,3,697.4200000000001,2,3,2
12528,9,6,3866.96,4,4,4
12530,60,4,3324.56,2,3,4
12531,15,1,250.44,4,1,1
12532,30,1,699.6600000000001,3,1,2
12534,131,1,2178.36,2,1,3
12535,92,2,1432.7,2,2,3
12536,43,3,25203.660000000003,3,3,4
12538,29,1,727.9,3,1,2
12539,22,4,11136.7,3,3,4
12540,20,17,26800.48,3,4,4
12541,30,3,1962.36,3,3,3
12544,36,1,745.4,3,1,2
12545,75,2,2000.78,2,2,3
12546,47,2,2323.0,3,2,3
12547,198,2,415.59999999999997,1,2,1
12548,166,1,190.39999999999998,1,1,1
12550,79,1,1929.66,2,1,3
12551,358,1,336.0,1,1,1
12552,39,2,875.64,3,2,2
12553,8,10,7384.56,4,4,4
12556,50,2,1199.12,3,2,2
12557,16,5,23981.920000000002,4,3,4
12558,8,1,539.92,4,1,1
12559,311,2,1123.42,1,2,2
12560,5,3,4268.02,4,3,4
12561,303,1,477.7,1,1,1
12562,8,7,7563.4800000000005,4,4,4
12564,261,1,913.8,1,1,2
12565,289,1,291.84,1,1,1
12566,86,1,703.3,2,1,2
12567,23,10,18802.56,3,4,4
12569,2,32,8249.38,4,4,4
12571,40,2,1039.22,3,2,2
12572,9,2,2040.84,4,2,3
12573,227,1,321.08000000000004,1,1,1
12574,316,1,436.9,1,1,1
12576,36,5,2631.66,3,3,3
12577,35,3,1253.2,3,3,2
12578,21,2,5589.02,3,2,4
12579,78,1,880.84,2,1,2
12580,247,1,831.4,1,1,2
12581,40,1,395.42,3,1,1
12582,239,2,1022.72,1,2,2
12583,3,15,14562.76,4,4,4
12584,4,9,4676.3,4,4,4
12585,234,2,4080.2,1,2,4
12586,17,1,393.88000000000005,4,1,1
12587,8,1,288.0,4,1,1
12588,39,1,429.79999999999995,3,1,1
12589,29,2,1293.36,3,2,2
12590,211,2,19728.52,1,2,4
12591,317,1,905.6999999999999,1,1,2
12592,92,2,875.2,2,2,2
12593,109,3,836.1999999999999,2,3,2
12594,38,10,6676.4400000000005,3,4,4
12596,51,2,1236.54,3,2,2
12597,19,4,7622.44,3,3,4
12598,10,8,6046.16,4,4,4
12599,29,7,2065.16,3,4,3
12600,29,10,5198.08,3,4,4
12601,190,5,1154.1200000000001,1,3,2
12602,59,1,306.24,2,1,1
12603,22,1,1478.3999999999999,3,1,3
12604,79,2,508.36,2,2,1
12607,60,1,3159.02,2,1,3
12609,78,3,2253.7,2,3,3
12610,23,5,4199.08,3,3,4
12611,52,1,2386.64,2,1,3
12612,74,1,1408.0800000000002,2,1,3
12613,57,5,6688.76,2,3,4
12614,278,1,631.2,1,1,2
12615,2,4,4582.38,4,3,4
12616,95,2,1426.6,2,2,3
12617,29,1,705.96,3,1,2
12618,22,1,354.62,3,1,1
12619,16,9,7282.48,4,4,4
12620,15,3,2678.82,4,3,3
12621,2,20,27379.34,4,4,4
12622,232,1,360.2,1,1,1
12623,276,1,610.2,1,1,1
12624,106,2,1282.26,2,2,2
12625,212,2,5367.64,1,2,4
12626,23,9,13240.96,3,4,4
12627,11,7,8957.06,4,4,4
12628,4,3,1572.92,4,3,3
12630,10,2,2541.76,4,2,3
12631,57,1,1281.0,2,1,2
12633,59,4,4327.96,2,3,4
12635,90,2,3378.36,2,2,4
12637,67,8,12005.8,2,4,4
12638,33,1,1343.38,3,1,3
12639,239,1,972.2,1,1,2
12640,24,3,2349.16,3,3,3
12641,115,1,371.8,2,1,1
12642,25,3,2026.52,3,3,3
12643,128,6,6689.28,2,4,4
12644,130,1,955.82,2,1,2
12645,34,4,3550.36,3,3,4
12646,5,2,2693.94,4,2,3
12647,22,12,7445.64,3,4,4
12648,155,1,636.1,1,1,2
12649,107,3,1247.02,2,3,2
12650,3,1,628.88,4,1,2
12651,335,1,228.0,1,1,1
12652,331,1,1839.96,1,1,3
12653,149,2,4419.7,1,2,4
12654,11,5,1203.96,4,3,2
12656,17,5,8102.34,4,3,4
12657,11,4,3286.36,4,3,3
12658,19,1,1372.1,3,1,3
12659,30,1,183.36,3,1,1
12660,11,1,490.2,4,1,1
12662,1,11,7699.56,4,4,4
12664,8,9,9763.76,4,4,4
12665,325,1,126.0,1,1,1
12667,58,1,1240.26,2,1,2
12668,12,4,7614.3,4,3,4
12669,151,3,5488.0599999999995,1,3,4
12670,10,5,5992.1,4,3,4
12672,330,1,451.79999999999995,1,1,1
12673,5,2,1221.04,4,2,2
12674,39,4,3941.2,3,3,4
12676,25,6,2662.78,3,4,3
12678,42,12,35256.92,3,4,4
12679,59,4,2226.04,2,3,3
12680,1,4,1761.62,4,3,3
12681,15,22,27575.08,4,4,4
12682,4,31,24559.64,4,4,4
12683,4,15,16953.14,4,4,4
12684,8,7,4567.26,4,4,4
12685,28,6,5726.16,3,4,4
12686,372,1,178.28,1,1,1
12688,114,1,9747.619999999999,2,1,4
12689,26,2,2495.22,3,2,3
12690,206,1,778.02,1,1,2
12691,28,6,2071.6,3,4,3
12693,127,4,1711.82,2,3,3
12694,70,2,1739.34,2,2,3
12695,7,4,1164.2,4,3,2
12697,29,3,1915.18,3,3,3
12700,8,4,9879.98,4,3,4
12701,80,2,1595.42,2,2,3
12702,20,1,438.0,3,1,1
12703,71,1,567.1,2,1,1
12704,7,8,4681.68,4,4,4
12705,15,9,13736.58,4,4,4
12707,292,1,1206.84,1,1,2
12708,30,10,5425.82,3,4,4
12709,15,15,19413.04,4,4,4
12710,97,3,2298.04,2,3,3
12712,29,13,8792.26,3,4,4
12713,1,1,1697.1,4,1,3
12714,9,5,9417.72,4,3,4
12715,106,1,686.72,2,1,2
12716,4,2,2106.98,4,2,3
12717,151,2,2061.96,1,2,3
12718,71,1,476.5,2,1,1
12719,5,2,1289.9,4,2,2
12720,3,25,11563.46,4,4,4
12721,32,6,5312.26,3,4,4
12722,85,4,1995.26,2,3,3
12723,4,5,1450.14,4,3,3
12724,5,4,2062.82,4,3,3
12725,371,1,855.6,1,1,2
12726,28,7,5218.2,3,4,4
12727,11,7,7961.4,4,4,4
12728,71,4,1672.66,2,3,3
12729,114,1,906.02,2,1,2
12731,24,12,37791.82,3,4,4
12732,180,1,472.52000000000004,1,1,1
12733,234,1,767.9,1,1,2
12734,353,1,220.79999999999998,1,1,1
12735,315,2,1559.1399999999999,1,2,3
12736,333,1,468.0,1,1,1
12738,372,1,310.7,1,1,1
12739,78,2,2026.08,2,2,3
12740,64,1,855.2,2,1,2
12743,134,2,1080.26,2,2,2
12744,52,7,42558.58,2,4,4
12747,2,11,8392.02,4,4,4
12748,1,209,66106.38,4,4,4
12749,4,5,8181.76,4,3,4
12750,129,1,551.76,2,1,1
12752,81,1,8733.56,2,1,4
12753,23,6,42858.78,3,4,4
12754,236,3,6021.48,1,3,4
12755,281,2,7623.9,1,2,4
12756,87,1,224.15999999999997,2,1,1
12757,16,13,15669.300000000001,4,4,4
12758,117,2,5583.18,2,2,4
12759,52,3,3062.88,2,3,3
12762,8,2,3797.04,4,2,4
12763,138,2,988.16,2,2,2
12764,317,1,3387.76,1,1,4
12766,4,7,13979.26,4,4,4
12769,239,1,2287.2,1,1,3
12770,211,1,2702.9,1,1,3
12772,60,1,1784.94,2,1,3
12775,17,5,2772.08,4,3,3
12778,20,6,1644.46,3,4,3
12779,38,8,7962.72,3,4,4
12781,64,2,1653.48,2,2,3
12782,5,5,4661.84,4,3,4
12783,2,6,4451.82,4,4,4
12784,9,2,1065.6399999999999,4,2,2
12785,364,1,623.9,1,1,2
12787,10,3,927.32,4,3,2
12789,65,1,183.7,2,1,1
12790,192,1,649.84,1,1,2
12791,374,1,385.20000000000005,1,1,1
12792,257,1,801.0799999999999,1,1,2
12793,335,2,1090.96,1,2,2
12794,53,2,1720.82,2,2,3
12795,19,1,860.96,3,1,2
12797,366,1,508.06,1,1,1
12798,10,3,13954.08,4,3,4
12802,187,1,855.16,1,1,2
12808,37,3,967.3000000000001,3,3,2
12809,178,1,978.62,1,1,2
12811,261,3,1029.7,1,3,2
12812,45,1,459.28000000000003,3,1,1
12814,102,1,251.84,2,1,1
12815,148,2,2126.92,1,2,3
12816,96,2,1144.4,2,2,2
12817,281,1,332.08,1,1,1
12818,262,1,3084.16,1,1,3
12820,3,4,1884.68,4,3,3
12821,214,1,185.44,1,1,1
12822,71,2,1897.76,2,2,3
12823,75,5,3519.0,2,3,4
12824,60,1,794.24,2,1,2
12826,3,7,2949.44,4,4,3
12827,6,3,860.3000000000001,4,3,2
12828,3,6,2037.42,4,4,3
12829,337,2,586.0,1,2,1
12830,38,6,13629.28,3,4,4
12831,262,1,430.1,1,1,1
12832,32,2,766.06,3,2,2
12833,145,1,834.76,1,1,2
12834,283,1,624.76,1,1,2
12836,59,4,5220.72,2,3,4
12837,173,1,268.2,1,1,1
12838,34,2,1343.9,3,2,3
12839,3,14,11182.84,4,4,4
12840,144,4,5453.54,1,3,4
12841,5,25,7983.16,4,4,4
12842,70,2,2237.98,2,2,3
12843,66,8,3404.52,2,4,4
12844,29,2,651.9200000000001,3,2,2
12845,267,4,708.18,1,3,2
12847,22,1,1687.28,3,1,3
12849,31,2,2020.58,3,2,3
12851,97,1,263.62,2,1,1
12852,295,1,623.1,1,1,2
12853,135,6,3914.2000000000003,2,4,4
12854,79,3,2632.5,2,3,3
12855,373,1,76.2,1,1,1
12856,8,6,4341.56,4,4,4
12857,211,2,2212.8,1,2,3
12863,52,1,1042.4,2,1,2
12864,138,1,294.24,2,1,1
12865,26,2,3136.46,3,2,3
12866,283,1,1118.24,1,1,2
12867,26,7,8018.68,3,4,4
12868,186,6,3214.1200000000003,1,4,3
12871,84,2,761.28,2,2,2
12872,327,2,1199.94,1,2,2
12873,282,1,748.0,1,1,2
12875,143,2,686.4600000000002,1,2,2
12876,58,2,4436.04,2,2,4
12877,4,12,3071.54,4,4,3
12878,236,2,1709.98,1,2,3
12879,45,3,1146.44,3,3,2
12881,276,1,596.0,1,1,1
12882,9,2,2926.08,4,2,3
12883,25,4,1406.94,3,3,3
12884,88,1,618.1,2,1,2
12885,63,3,2350.44,2,3,3
12886,68,2,2756.8,2,2,3
12888,214,2,708.24,1,2,2
12890,24,1,753.4399999999999,3,1,2
12891,186,3,662.0,1,3,2
12893,31,1,353.1,3,1,1
12895,42,2,745.6,3,2,2
12897,205,2,433.0,1,2,1
12901,9,28,35309.08,4,4,4
12902,265,1,277.36,1,1,1
12904,18,2,992.12,4,2,2
12906,12,5,5839.62,4,3,4
12908,176,2,1500.0,1,2,3
12909,40,5,4357.34,3,3,4
12910,23,8,6150.08,3,4,4
12912,3,5,3324.6,4,3,4
12913,5,5,4967.26,4,4,4
12915,149,2,727.3,1,2,2
12916,139,4,5889.9,2,3,4
12917,128,1,1188.0,2,1,2
12919,8,6,2670.38,4,4,3
12920,17,1,325.56,4,1,1
12921,9,37,33174.18,4,4,4
12922,161,1,810.76,1,1,2
12923,64,1,345.64,2,1,1
12924,88,4,1867.4,2,3,3
12925,5,2,1388.1,4,2,3
12928,35,5,4125.400000000001,3,4,4
12929,312,1,235.7,1,1,1
12930,78,2,831.6,2,2,2
12931,22,15,84111.92,3,4,4
12933,24,3,1215.06,3,3,2
12935,2,7,4321.4,4,4,4
12936,17,4,2127.8,4,3,3
12937,15,4,3008.54,4,3,3
12938,26,1,228.28,3,1,1
12939,64,8,23163.6,2,4,4
12940,55,2,1799.38,2,2,3
12942,131,3,1351.2,2,3,3
12944,36,2,1209.02,3,2,2
12945,288,1,925.9,1,1,2
12947,144,6,3207.98,1,4,3
12948,16,7,4129.9,4,4,4
12949,31,8,8334.44,3,4,4
12950,2,3,3686.0,4,3,4
12951,9,6,2128.14,4,4,3
12952,6,4,2775.58,4,3,3
12953,10,1,659.7,4,1,2
12955,1,11,9514.32,4,4,4
12956,306,1,216.14,1,1,1
12957,10,8,8035.08,4,4,4
12962,7,2,532.78,4,2,1
12963,8,8,3713.26,4,4,4
12965,89,1,1539.6200000000001,2,1,3
12966,10,1,320.36,4,1,1
12967,358,2,3321.8,1,2,4
12968,112,1,271.9,2,1,1
12970,7,4,810.94,4,3,2
12971,4,86,22379.82,4,4,4
12974,198,1,289.6,1,1,1
12976,212,1,1477.2,1,1,3
12977,156,1,78.47999999999999,1,1,1
12980,158,9,14749.800000000001,1,4,4
12981,30,2,744.4399999999999,3,2,2
12982,243,1,781.08,1,1,2
12984,19,1,195.0,3,1,1
12985,1,2,2478.76,4,2,3
12987,74,2,1117.4,2,2,2
12988,292,1,1011.64,1,1,2
12989,3,15,13848.220000000001,4,4,4
12990,31,3,819.0,3,3,2
12991,23,2,1007.52,3,2,2
12993,23,4,829.52,3,3,2
12994,4,3,1948.8400000000001,4,3,3
12995,85,1,422.64,2,1,1
12997,22,4,2453.78,3,3,3
12999,196,3,911.76,1,3,2
13000,107,3,1069.7,2,3,2
13001,4,13,19571.940000000002,4,4,4
13002,318,1,241.89999999999998,1,1,1
13003,106,3,298.1,2,3,1
13004,12,18,11311.82,4,4,4
13005,174,2,1027.4,1,2,2
13006,56,1,163.14,2,1,1
13008,323,1,458.93999999999994,1,1,1
13011,372,1,101.10000000000001,1,1,1
13012,9,8,3293.6800000000003,4,4,3
13013,1,13,9621.880000000001,4,4,4
13014,11,10,6932.5599999999995,4,4,4
13015,53,5,6679.28,2,4,4
13016,73,3,1579.78,2,3,3
13017,7,1,408.0,4,1,1
13018,16,28,14555.4,4,4,4
13021,4,9,5232.76,4,4,4
13023,64,2,1379.8,2,2,3
13026,1,5,1950.72,4,4,3
13027,114,6,13824.0,2,4,4
13028,23,2,1322.6399999999999,3,2,2
13029,31,3,2495.0,3,3,3
13030,11,2,1504.8799999999999,4,2,3
13032,52,2,2020.36,2,2,3
13033,357,1,381.1,1,1,1
13034,55,2,1285.54,2,2,2
13035,74,2,1843.76,2,2,3
13037,138,3,1762.14,2,3,3
13038,80,3,1816.92,2,3,3
13040,9,2,1353.98,4,2,3
13043,273,1,1032.84,1,1,2
13044,291,1,1120.94,1,1,2
13045,99,1,610.5600000000001,2,1,1
13046,31,2,1258.62,3,2,2
13047,32,10,6475.08,3,4,4
13048,14,4,3638.82,4,3,4
13049,64,2,1313.3600000000001,2,2,2
13050,15,17,11673.72,4,4,4
13052,212,1,696.3000000000001,1,1,2
13055,78,3,2428.82,2,3,3
13058,25,3,542.8000000000001,3,3,1
13059,250,1,366.8,1,1,1
13060,254,1,615.06,1,1,2
13061,72,1,497.22,2,1,1
13062,191,1,693.96,1,1,2
13064,13,4,2211.18,4,3,3
13065,373,1,411.72,1,1,1
13066,24,2,941.6,3,2,2
13067,82,1,230.92000000000002,2,1,1
13068,10,2,688.0,4,2,2
13069,1,24,8862.88,4,4,4
13070,192,1,457.6,1,1,1
13072,267,1,354.3,1,1,1
13075,130,1,1839.22,2,1,3
13077,1,4,1456.04,4,3,3
13078,3,26,25255.88,4,4,4
13079,4,5,440.20000000000005,4,4,1
13080,179,1,116.16,1,1,1
13081,12,11,56674.76,4,4,4
13082,126,9,7227.26,2,4,4
13083,4,2,607.5,4,2,1
13085,158,2,832.1600000000001,1,2,2
13089,3,97,117524.16,4,4,4
13090,9,14,17821.64,4,4,4
13091,28,1,691.64,3,1,2
13092,71,5,955.66,2,4,2
13093,276,8,15664.94,1,4,4
13094,21,12,3854.6400000000003,3,4,4
13095,71,1,148.79999999999998,2,1,1
13097,33,10,12006.44,3,4,4
13098,1,28,57764.88,4,4,4
13099,99,1,414.71999999999997,2,1,1
13101,234,1,202.38,1,1,1
13102,1,24,12848.18,4,4,4
13103,40,1,487.88,3,1,1
13104,3,6,2196.96,4,4,3
13106,133,1,153.0,2,1,1
13107,44,4,3063.2400000000002,3,3,3
13108,373,1,700.12,1,1,2
13109,60,2,1573.08,2,2,3
13110,31,7,2977.34,3,4,3
13113,1,24,24491.920000000002,4,4,4
13115,12,4,4589.56,4,3,4
13116,138,1,1002.28,2,1,2
13117,22,8,1969.82,3,4,3
13118,20,5,2395.62,3,4,3
13120,239,1,61.199999999999996,1,1,1
13121,269,1,567.46,1,1,1
13122,94,2,1844.78,2,2,3
13124,90,3,7512.66,2,3,4
13126,5,8,4199.28,4,4,4
13127,78,1,518.34,2,1,1
13130,94,1,128.0,2,1,1
13131,23,3,2146.6,3,3,3
13132,262,1,154.6,1,1,1
13133,274,2,219.6,1,2,1
13134,86,4,3587.16,2,3,4
13135,197,1,6192.0,1,1,4
13136,56,5,5215.22,2,4,4
13137,11,8,7206.58,4,4,4
13138,22,6,1924.78,3,4,3
13139,16,7,10129.88,4,4,4
13140,108,3,844.94,2,3,2
13141,85,5,4777.5,2,4,4
13142,19,1,614.18,3,1,2
13144,333,1,221.9,1,1,1
13145,40,4,1237.04,3,3,2
13146,26,1,457.82,3,1,1
13147,10,4,1425.6000000000001,4,3,3
13148,29,12,7366.52,3,4,4
13149,14,4,3352.12,4,3,4
13151,296,1,2515.7400000000002,1,1,3
13153,6,1,972.44,4,1,2
13155,33,4,1943.52,3,3,3
13157,49,4,3482.44,3,3,4
13158,95,4,2402.12,2,3,3
13159,9,4,2858.7,4,3,3
13160,22,1,183.6,3,1,1
13161,313,1,225.5,1,1,1
13162,122,4,3376.58,2,3,4
13165,46,2,2042.96,3,2,3
13166,283,1,834.4,1,1,2
13167,19,4,1582.66,3,3,3
13168,36,4,2599.18,3,3,3
13169,64,2,1425.76,2,2,3
13170,27,1,217.62,3,1,1
13171,22,3,936.82,3,3,2
13173,4,2,707.3,4,2,2
13174,16,3,5485.64,4,3,4
13176,46,1,962.98,3,1,2
13177,65,1,564.9,2,1,1
13178,26,11,11450.94,3,4,4
13182,45,1,242.36,3,1,1
13183,8,9,7915.56,4,4,4
13184,15,10,3337.9,4,4,4
13185,268,1,142.8,1,1,1
13186,40,3,3151.78,3,3,3
13187,337,1,472.04,1,1,1
13188,11,1,229.20000000000002,4,1,1
13189,19,2,521.36,3,2,1
13192,95,2,1823.88,2,2,3
13193,61,1,224.16,2,1,1
13194,136,1,121.4,2,1,1
13196,11,4,3595.56,4,3,4
13198,10,6,6802.4800000000005,4,4,4
13199,4,38,19634.24,4,4,4
13200,19,4,1740.18,3,3,3
13203,10,4,1738.92,4,3,3
13207,15,2,500.52000000000004,4,2,1
13208,59,6,2435.3,2,4,3
13209,30,8,11783.22,3,4,4
13210,94,1,706.96,2,1,2
13211,10,3,2190.84,4,3,3
13212,20,3,1573.66,3,3,3
13213,57,5,3041.16,2,4,3
13216,268,1,667.48,1,1,2
13217,122,3,1067.96,2,3,2
13218,127,1,125.27999999999999,2,1,1
13220,78,4,1638.5800000000002,2,3,3
13221,240,2,1694.82,1,2,3
13223,200,2,326.40000000000003,1,2,1
13224,60,2,4311.9,2,2,4
13225,3,7,12927.68,4,4,4
13226,273,1,216.42000000000002,1,1,1
13227,202,1,515.4,1,1,1
13228,81,1,716.0,2,1,2
13229,226,1,321.9,1,1,1
13230,4,14,5511.26,4,4,4
13232,13,7,2656.7,4,4,3
13233,74,2,1210.24,2,2,2
13235,212,1,2062.14,1,1,3
13236,25,2,1489.7,3,2,3
13238,17,4,1401.46,4,3,3
13239,262,1,659.12,1,1,2
13240,96,4,1327.3,2,3,2
13242,112,3,540.8000000000001,2,3,1
13243,203,1,1170.24,1,1,2
13244,93,1,243.48000000000002,2,1,1
13245,51,1,861.0,3,1,2
13246,18,6,3923.04,4,4,4
13247,18,4,1002.24,4,3,2
13248,125,2,931.36,2,2,2
13249,92,3,1422.82,2,3,3
13253,157,2,2060.8,1,2,3
13255,9,2,799.02,4,2,2
13258,12,3,1345.66,4,3,3
13259,62,1,566.36,2,1,1
13260,61,1,1115.24,2,1,2
13261,269,2,1888.2,1,2,3
13262,263,1,400.58,1,1,1
13263,1,35,14873.86,4,4,4
13265,53,5,4185.32,2,4,4
13266,11,12,7668.5199999999995,4,4,4
13267,3,19,9042.98,4,4,4
13268,18,11,6349.5,4,4,4
13269,1,15,10686.56,4,4,4
13270,366,1,1180.0,1,1,2
13271,37,1,422.98,3,1,1
13272,31,2,553.12,3,2,1
13273,113,1,277.96,2,1,1
13276,64,2,1181.8600000000001,2,2,2
13277,16,4,516.8,4,3,1
13278,41,1,1085.46,3,1,2
13279,78,1,275.5,2,1,1
13280,122,3,1596.92,2,3,3
13282,18,3,2264.28,4,3,3
13283,60,2,187.32,2,2,1
13284,331,1,402.38,1,1,1
13285,23,4,5418.24,3,3,4
13291,156,1,722.22,1,1,2
13292,39,2,1157.8799999999999,3,2,2
13294,190,2,1747.48,1,2,3
13295,360,1,402.40000000000003,1,1,1
13296,137,1,174.8,2,1,1
13297,8,4,4179.7,4,3,4
13298,1,1,720.0,4,1,2
13299,268,1,285.0,1,1,1
13300,169,1,743.78,1,1,2
13301,104,4,1236.18,2,3,2
13302,155,1,127.5,1,1,1
13304,351,1,600.84,1,1,1
13305,4,10,4001.72,4,4,4
13307,120,1,30.0,2,1,1
13308,23,3,2771.02,3,3,3
13309,7,5,2913.58,4,4,3
13310,28,3,2264.06,3,3,3
13311,4,2,1197.14,4,2,2
13313,22,5,3110.64,3,4,3
13314,2,3,1551.88,4,3,3
13316,37,4,11465.86,3,3,4
13317,66,6,4547.36,2,4,4
13318,1,3,1281.52,4,3,2
13319,5,26,21691.100000000002,4,4,4
13320,78,4,3064.4,2,3,3
13321,72,2,1134.72,2,2,2
13322,17,1,398.96000000000004,4,1,1
13323,3,5,1575.7,4,4,3
13324,36,10,14243.9,3,4,4
13325,82,1,1350.6,2,1,3
13327,39,8,7255.54,3,4,4
13328,316,1,2616.96,1,1,3
13329,32,2,1578.0,3,2,3
13330,93,3,2281.86,2,3,3
13332,14,1,701.8,4,1,2
13334,82,3,7004.64,2,3,4
13336,77,1,1590.24,2,1,3
13338,158,1,974.04,1,1,2
13339,201,1,1720.24,1,1,3
13340,45,7,21472.96,3,4,4
13341,261,1,1551.7,1,1,3
13343,178,1,706.86,1,1,2
13344,68,3,5023.38,2,3,4
13345,288,1,779.0,1,1,2
13347,70,1,682.72,2,1,2
13348,64,1,467.52,2,1,1
13349,11,1,494.64,4,1,1
13350,16,2,1958.24,4,2,3
13351,66,1,747.88,2,1,2
13352,60,1,795.9599999999999,2,1,2
13354,71,1,1487.06,2,1,3
13355,122,1,1349.4,2,1,3
13356,80,1,1536.48,2,1,3
13357,257,1,1218.8,1,1,2
13358,269,1,878.06,1,1,2
13359,64,1,879.12,2,1,2
13362,9,4,6181.4800000000005,4,3,4
13363,18,2,1985.0,4,2,3
13364,71,1,269.91999999999996,2,1,1
13365,34,2,4450.74,3,2,4
13366,50,1,112.32000000000001,3,1,1
13368,257,2,1246.8,1,2,2
13369,366,1,616.5600000000001,1,1,2
13370,372,1,1509.74,1,1,3
13372,90,1,757.28,2,1,2
13373,61,3,6624.5,2,3,4
13375,89,1,1557.3,2,1,3
13376,99,3,2039.52,2,3,3
13379,26,3,1145.12,3,3,2
13381,32,6,7278.62,3,4,4
13382,281,1,445.98,1,1,1
13384,31,7,8303.86,3,4,4
13385,330,1,1069.14,1,1,2
13388,131,2,1354.2,2,2,3
13389,11,3,1595.92,4,3,3
13390,75,1,1088.16,2,1,2
13391,204,1,119.6,1,1,1
13394,2,8,5040.04,4,4,4
13395,185,1,615.44,1,1,2
13396,29,2,2721.98,3,2,3
13397,73,5,3088.26,2,4,3
13398,192,1,914.68,1,1,2
13402,127,2,1242.46,2,2,2
13403,18,1,150.0,4,1,1
13404,1,2,504.98,4,2,1
13405,74,3,1144.902,2,3,2
13408,2,62,56234.08,4,4,4
13410,24,5,2006.12,3,4,3
13411,107,1,427.1,2,1,1
13414,134,3,2781.0,2,3,3
13416,44,2,1425.0,3,2,3
13417,5,2,1281.66,4,2,2
13418,12,18,12254.86,4,4,4
13419,64,1,442.12,2,1,1
13420,150,2,319.7,1,2,1
13421,40,2,3667.42,3,2,4
13422,64,1,5252.6,2,1,4
13425,108,3,3248.42,2,3,3
13426,1,10,7282.64,4,4,4
13427,19,3,1165.2,3,3,2
13428,10,1,403.56,4,1,1
13429,11,4,2013.6,4,3,3
13430,19,2,1358.9,3,2,3
13431,67,2,2538.2,2,2,3
13434,74,2,1068.48,2,2,2
13435,5,7,7619.780000000001,4,4,4
13436,2,1,393.78,4,1,1
13437,14,7,6816.12,4,4,4
13439,255,1,567.42,1,1,1
13441,92,1,593.28,2,1,1
13447,23,3,2258.28,3,3,3
13448,17,6,7069.38,4,4,4
13449,24,1,583.76,3,1,1
13450,27,6,4087.4399999999996,3,4,4
13451,26,5,5796.5199999999995,3,4,4
13452,259,2,1180.0,1,2,2
13453,166,2,713.9599999999999,1,2,2
13455,25,2,2116.68,3,2,3
13456,18,6,3533.44,4,4,4
13458,7,14,19293.14,4,4,4
13460,29,2,366.88,3,2,1
13461,39,3,2890.0,3,3,3
13462,253,1,303.0,1,1,1
13464,58,1,1349.36,2,1,3
13466,184,1,615.8,1,1,2
13467,11,2,2143.82,4,2,3
13468,2,37,11409.94,4,4,4
13470,99,2,330.0,2,2,1
13471,1,4,5003.68,4,3,4
13473,61,2,845.28,2,2,2
13474,236,1,453.68,1,1,1
13475,191,4,2863.56,1,3,3
13476,179,2,2476.94,1,2,3
13477,38,6,2909.16,3,4,3
13479,201,2,601.9,1,2,1
13481,46,5,3609.12,3,4,4
13482,232,1,369.28,1,1,1
13483,66,1,280.68,2,1,1
13484,241,1,627.6,1,1,2
13485,233,1,908.48,1,1,2
13486,78,3,2244.82,2,3,3
13487,58,3,1150.8,2,3,2
13488,17,13,17936.62,4,4,4
13489,105,4,899.04,2,3,2
13491,52,10,2431.64,2,4,3
13492,136,3,2539.68,2,3,3
13493,275,2,1237.26,1,2,2
13494,312,1,632.5200000000001,1,1,2
13495,8,5,4089.7400000000002,4,4,4
13496,11,2,1306.66,4,2,2
13497,283,2,696.1,1,2,2
13499,18,5,2318.22,4,4,3
13500,23,3,2333.54,3,3,3
13501,288,1,2680.64,1,1,3
13502,17,3,584.0,4,3,1
13503,71,1,433.7,2,1,1
13504,64,1,591.86,2,1,1
13505,73,4,8787.26,2,3,4
13506,316,2,917.04,1,2,2
13507,3,4,4958.32,4,3,4
13508,244,1,221.94,1,1,1
13509,9,7,1959.44,4,4,3
13510,1,4,3583.12,4,3,4
13512,261,1,502.42,1,1,1
13513,127,1,410.2,2,1,1
13514,74,1,304.40000000000003,2,1,1
13515,73,4,1782.24,2,3,3
13516,21,3,2778.82,3,3,3
13517,60,3,4256.84,2,3,4
13518,86,1,1254.32,2,1,2
13519,78,1,245.5,2,1,1
13520,59,6,7248.7,2,4,4
13521,1,3,2143.46,4,3,3
13522,30,1,251.60000000000002,3,1,1
13523,33,5,7929.76,3,4,4
13524,41,5,1360.3600000000001,3,4,3
13525,15,2,1257.56,4,2,2
13527,34,7,4484.72,3,4,4
13529,79,2,615.52,2,2,2
13531,205,2,967.6,1,2,2
13532,34,1,420.62,3,1,1
13533,183,3,538.18,1,3,1
13534,2,25,11740.16,4,4,4
13536,1,7,6888.78,4,4,4
13538,43,7,2561.7,3,4,3
13539,86,3,1262.68,2,3,2
13544,40,2,552.12,3,2,1
13546,12,3,1242.18,4,3,2
13548,96,2,1356.32,2,2,3
13549,26,7,1836.4,3,4,3
13551,319,1,183.60000000000002,1,1,1
13552,66,12,7480.14,2,4,4
13555,74,4,8197.76,2,3,4
13557,28,2,1168.12,3,2,2
13558,6,4,1189.04,4,3,2
13560,7,1,342.84000000000003,4,1,1
13561,216,1,283.71999999999997,1,1,1
13562,82,3,3598.66,2,3,4
13563,84,2,1555.06,2,2,3
13564,144,3,3449.34,1,3,4
13565,19,2,480.44,3,2,1
13566,41,2,1713.68,3,2,3
13568,173,1,374.1,1,1,1
13569,17,2,677.24,4,2,2
13570,243,1,478.98,1,1,1
13571,13,12,4177.88,4,4,4
13572,206,1,2768.5,1,1,3
13573,50,2,580.5,3,2,1
13575,23,5,1464.1399999999999,3,4,3
13576,10,18,13434.68,4,4,4
13577,25,4,3375.2000000000003,3,3,4
13579,15,2,934.08,4,2,2
13581,309,1,236.0,1,1,1
13583,156,1,1562.06,1,1,3
13584,307,1,284.8,1,1,1
13587,64,1,1424.8,2,1,3
13588,16,9,4957.9,4,4,4
13589,15,2,759.3,4,2,2
13590,11,6,3963.84,4,4,4
13591,65,3,2234.26,2,3,3
13592,36,4,495.91999999999996,3,3,1
13593,108,5,4023.76,2,4,4
13594,53,1,793.94,2,1,2
13596,6,2,1328.22,4,2,2
13598,47,1,320.08,3,1,1
13599,1,21,10299.84,4,4,4
13600,312,1,439.04,1,1,1
13601,45,2,1386.64,3,2,3
13602,65,1,857.78,2,1,2
13603,26,1,328.68,3,1,1
13606,29,3,553.5,3,3,1
13607,40,1,1351.02,3,1,3
13610,12,7,2164.66,4,4,3
13611,89,3,2308.8,2,3,3
13614,24,4,3170.92,3,3,3
13615,319,1,835.38,1,1,2
13617,40,3,1088.36,3,3,2
13618,174,1,354.68,1,1,1
13621,117,1,427.7,2,1,1
13623,31,5,1455.48,3,4,3
13626,253,1,514.46,1,1,1
13627,59,5,3276.94,2,4,3
13629,23,11,15584.72,3,4,4
13630,5,7,4063.56,4,4,4
13631,100,11,6140.84,2,4,4
13632,25,5,4237.86,3,4,4
13634,33,5,3094.7200000000003,3,4,3
13635,68,1,2142.06,2,1,3
13636,37,5,1898.24,3,4,3
13637,52,3,1608.6,2,3,3
13638,16,1,245.28,4,1,1
13639,74,1,2066.68,2,1,3
13642,216,1,624.56,1,1,2
13643,31,3,1038.88,3,3,2
13644,16,4,5248.52,4,3,4
13645,120,1,504.2,2,1,1
13647,10,4,3296.2400000000002,4,3,3
13649,257,2,693.2,1,2,2
13650,17,6,3672.68,4,4,4
13651,35,2,188.4,3,2,1
13652,46,3,2190.16,3,3,3
13654,43,6,5414.66,3,4,4
13655,114,2,1865.94,2,2,3
13656,165,2,759.3,1,2,2
13657,11,2,764.28,4,2,2
13658,10,5,5278.34,4,4,4
13659,206,2,3126.0,1,2,3
13662,86,3,1762.52,2,3,3
13663,179,1,378.94,1,1,1
13666,60,3,169.3,2,3,1
13667,149,1,598.1,1,1,1
13668,3,21,12619.66,4,4,4
13669,51,2,437.1,3,2,1
13670,75,1,699.4,2,1,2
13672,301,2,372.78000000000003,1,2,1
13673,19,2,774.88,3,2,2
13675,151,2,973.6400000000001,1,2,2
13678,152,1,465.2,1,1,1
13680,1,4,7438.24,4,3,4
13681,18,4,1655.66,4,3,3
13682,187,1,119.0,1,1,1
13684,286,1,130.26,1,1,1
13685,3,7,6238.88,4,4,4
13686,183,1,144.0,1,1,1
13689,63,1,1820.0,2,1,3
13690,59,1,344.5,2,1,1
13692,25,3,2976.64,3,3,3
13694,4,50,130079.24,4,4,4
13695,31,15,5008.26,3,4,4
13697,39,1,302.59999999999997,3,1,1
13699,155,1,617.1600000000001,1,1,2
13700,26,10,4497.26,3,4,4
13703,318,1,199.0,1,1,1
13704,5,9,4616.12,4,4,4
13705,8,3,1423.72,4,3,3
13706,303,1,661.58,1,1,2
13707,267,2,1612.82,1,2,3
13708,271,1,570.66,1,1,1
13709,4,13,12615.300000000001,4,4,4
13710,32,1,360.96,3,1,1
13711,219,2,504.12,1,2,1
13712,247,1,457.68,1,1,1
13715,281,5,2154.78,1,4,3
13716,269,1,276.56,1,1,1
13717,32,6,2890.02,3,4,3
13718,246,2,613.1,1,2,2
13719,15,5,2083.36,4,4,3
13720,117,4,1599.8,2,3,3
13721,36,1,1048.28,3,1,2
13722,132,3,4750.82,2,3,4
13723,217,1,399.70000000000005,1,1,1
13725,50,8,3961.12,3,4,4
13726,39,2,2159.3199999999997,3,2,3
13727,29,2,666.96,3,2,2
13728,37,6,2032.28,3,4,3
13730,136,2,1505.2,2,2,3
13731,219,2,1221.18,1,2,2
13732,28,1,983.72,3,1,2
13735,25,4,5767.08,3,3,4
13736,5,2,1459.6,4,2,3
13737,200,1,679.1999999999999,1,1,2
13739,18,1,433.8,4,1,1
13740,241,1,701.5,1,1,2
13741,72,3,1336.8600000000001,2,3,2
13742,17,12,6215.74,4,4,4
13743,3,7,2683.2,4,4,3
13744,95,2,2161.04,2,2,3
13745,162,1,600.08,1,1,1
13747,374,1,159.2,1,1,1
13748,96,5,1896.5,2,4,3
13750,54,5,3294.52,2,4,3
13751,288,1,592.5,1,1,1
13752,124,6,2350.76,2,4,3
13753,288,1,1482.52,1,1,3
13754,152,2,565.1999999999999,1,2,1
13755,4,9,4216.12,4,4,4
13756,2,14,10379.04,4,4,4
13758,12,7,6381.1,4,4,4
13759,33,2,1318.8200000000002,3,2,2
13760,54,2,573.58,2,2,1
13761,50,2,2141.3,3,2,3
13762,219,1,613.44,1,1,2
13763,63,1,3429.92,2,1,4
13764,71,3,3038.84,2,3,3
13767,2,37,34440.72,4,4,4
13769,2,10,5593.02,4,4,4
13771,64,4,5268.9,2,3,4
13772,34,3,2245.26,3,3,3
13774,82,1,690.0,2,1,2
13777,1,33,51954.32,4,4,4
13778,103,1,357.4,2,1,1
13780,7,2,720.02,4,2,2
13781,251,1,255.68,1,1,1
13782,13,6,1817.72,4,4,3
13784,10,11,4925.58,4,4,4
13786,367,1,460.79999999999995,1,1,1
13787,76,2,618.08,2,2,2
13790,4,1,697.6,4,1,2
13791,128,2,3032.0,2,2,3
13792,66,2,391.1,2,2,1
13798,1,57,74307.7,4,4,4
13799,117,2,1377.72,2,2,3
13800,310,1,1116.64,1,1,2
13801,67,1,649.6,2,1,2
13802,139,3,9198.84,2,3,4
13803,255,1,554.14,1,1,1
13804,31,7,5176.78,3,4,4
13805,52,2,1849.2,2,2,3
13806,64,1,512.76,2,1,1
13807,367,1,225.2,1,1,1
13808,6,5,3495.32,4,4,4
13809,305,1,310.1,1,1,1
13810,29,3,2998.02,3,3,3
13811,184,3,1629.0,1,3,3
13812,42,3,1078.0,3,3,2
13813,40,4,2733.7200000000003,3,3,3
13814,92,2,3158.24,2,2,3
13815,22,4,8054.72,3,3,4
13816,24,2,1143.3400000000001,3,2,2
13817,29,2,765.96,3,2,2
13819,302,3,2280.7,1,3,3
13821,145,2,771.28,1,2,2
13822,6,2,1264.0,4,2,2
13823,19,2,1915.32,3,2,3
13824,33,5,3397.88,3,4,4
13826,176,1,379.0,1,1,1
13827,58,3,819.6,2,3,2
13828,22,1,418.98,3,1,1
13831,16,6,4396.9,4,4,4
13832,19,1,104.39999999999999,3,1,1
13833,159,1,767.7,1,1,2
13835,25,4,1669.14,3,3,3
13837,212,2,533.1800000000001,1,2,1
13838,6,4,1349.64,4,3,3
13841,253,1,170.0,1,1,1
13842,59,9,6771.24,2,4,4
13844,11,1,723.24,4,1,2
13845,65,1,625.96,2,1,2
13846,25,3,1730.1200000000001,3,3,3
13848,92,3,2510.0,2,3,3
13849,52,2,3075.9,2,2,3
13850,129,1,3190.96,2,1,3
13851,96,3,5302.92,2,3,4
13853,57,1,2180.28,2,1,3
13854,9,25,16219.039999999999,4,4,4
13856,169,3,777.0,1,3,2
13858,57,1,432.34,2,1,1
13859,326,1,402.32,1,1,1
13860,1,5,2491.8,4,4,3
13862,18,8,4418.72,4,4,4
13863,248,1,611.56,1,1,1
13865,58,4,1003.12,2,3,2
13866,74,1,291.34000000000003,2,1,1
13867,31,3,2010.18,3,3,3
13868,7,2,6385.08,4,2,4
13869,123,4,6167.3,2,3,4
13870,2,8,5541.88,4,4,4
13871,23,13,12806.5,3,4,4
13873,120,3,779.2,2,3,2
13874,358,1,1080.9,1,1,2
13875,54,5,3573.58,2,4,4
13876,64,1,245.4,2,1,1
13877,86,1,234.48,2,1,1
13878,55,1,2543.14,2,1,3
13880,21,13,6439.54,3,4,4
13881,4,20,34319.04,4,4,4
13882,3,5,2382.26,4,4,3
13883,11,5,5348.96,4,4,4
13884,7,5,1575.2,4,4,3
13885,189,2,1013.6,1,2,2
13886,71,1,487.12,2,1,1
13887,204,1,699.1,1,1,2
13888,120,2,1191.34,2,2,2
13889,93,1,833.8000000000001,2,1,2
13890,1,10,3767.6200000000003,4,4,4
13892,27,4,1265.94,3,3,2
13893,298,1,1642.2,1,1,3
13894,24,3,1129.24,3,3,2
13895,28,4,5186.14,3,3,4
13897,50,1,622.32,3,1,2
13898,326,1,311.86,1,1,1
13899,16,2,777.04,4,2,2
13900,183,3,1481.9,1,3,3
13901,72,5,5734.4,2,4,4
13904,37,2,665.28,3,2,2
13908,80,4,4739.1,2,3,4
13911,57,9,5161.82,2,4,4
13914,12,2,1252.9,4,2,2
13917,50,2,544.08,3,2,1
13918,50,2,2425.6800000000003,3,2,3
13919,59,2,769.62,2,2,2
13922,352,1,344.5,1,1,1
13923,54,1,702.26,2,1,2
13924,2,6,3677.7000000000003,4,4,4
13925,93,4,1356.5,2,3,3
13926,23,1,447.70000000000005,3,1,1
13927,75,1,697.98,2,1,2
13928,11,4,929.14,4,3,2
13929,169,2,1685.3,1,2,3
13930,58,2,674.68,2,2,2
13931,96,2,2475.06,2,2,3
13932,295,1,614.8,1,1,2
13933,109,2,1217.5800000000002,2,2,2
13934,264,1,1844.2,1,1,3
13936,180,1,753.16,1,1,2
13937,169,1,317.7,1,1,1
13938,35,1,143.32,3,1,1
13939,23,3,1137.1,3,3,2
13940,17,4,1678.28,4,3,3
13941,22,5,10225.92,3,4,4
13946,79,3,1123.1399999999999,2,3,2
13947,65,1,181.2,2,1,1
13948,361,1,204.0,1,1,1
13949,3,6,4854.64,4,4,4
13950,11,4,1490.12,4,3,3
13951,176,3,1348.9,1,3,3
13952,218,2,6502.142,1,2,4
13953,7,7,7031.36,4,4,4
13954,2,2,879.84,4,2,2
13955,154,2,645.92,1,2,2
13956,5,5,2038.54,4,4,3
13959,79,3,1188.08,2,3,2
13960,21,2,460.44,3,2,1
13962,22,2,339.1,3,2,1
13963,308,4,1329.08,1,3,2
13967,146,1,161.4,1,1,1
13969,7,18,18048.34,4,4,4
13971,19,8,5516.52,3,4,4
13972,71,2,380.5,2,2,1
13973,287,1,529.4,1,1,1
13974,49,1,827.1800000000001,3,1,2
13975,31,6,4922.4800000000005,3,4,4
13976,207,1,715.96,1,1,2
13978,15,2,393.58000000000004,4,2,1
13979,73,1,1739.74,2,1,3
13980,60,1,400.28,2,1,1
13982,39,4,3743.62,3,3,4
13983,30,12,5206.86,3,4,4
13984,27,5,1841.02,3,4,3
13985,4,15,14120.26,4,4,4
13986,17,1,640.92,4,1,2
13988,20,6,8295.92,3,4,4
13989,66,2,2532.16,2,2,3
13990,213,1,622.6,1,1,2
13991,12,6,1705.76,4,4,3
13992,30,1,153.6,3,1,1
13993,43,9,6932.72,3,4,4
13994,4,6,4548.28,4,4,4
13995,15,5,2787.38,4,4,3
13999,10,12,7803.62,4,4,4
14000,211,1,1271.32,1,1,2
14001,46,3,4086.1600000000003,3,3,4
14002,134,2,1059.46,2,2,2
14004,43,7,9165.28,3,4,4
14005,10,5,5749.44,4,4,4
14006,116,3,1924.38,2,3,3
14009,198,2,1391.22,1,2,3
14012,278,1,657.6,1,1,2
14013,110,3,946.04,2,3,2
14014,77,1,1010.36,2,1,2
14015,53,1,1834.68,2,1,3
14016,162,4,8682.42,1,3,4
14019,47,3,2843.22,3,3,3
14020,17,2,1285.6,4,2,2
14021,155,3,1263.8,1,3,2
14022,225,1,880.0,1,1,2
14023,7,2,1168.14,4,2,2
14024,122,2,655.4,2,2,2
14027,61,1,209.64,2,1,1
14029,63,2,935.32,2,2,2
14030,18,8,4717.68,4,4,4
14031,7,19,34573.72,4,4,4
14032,2,11,5951.18,4,4,4
14034,22,3,1297.78,3,3,2
14035,29,5,2856.04,3,4,3
14036,285,1,1253.3,1,1,2
14037,176,2,294.40000000000003,1,2,1
14038,78,3,3120.76,2,3,3
14039,33,1,304.4,3,1,1
14040,41,12,7120.64,3,4,4
14041,266,1,282.82,1,1,1
14044,27,4,1292.84,3,3,2
14045,109,4,3319.5,2,3,3
14046,284,1,309.98,1,1,1
14047,9,5,2617.2200000000003,4,4,3
14048,305,1,819.86,1,1,2
14049,17,4,11157.44,4,3,4
14050,32,2,1492.72,3,2,3
14051,1,23,31220.780000000002,4,4,4
14052,20,1,450.72,3,1,1
14053,124,2,520.5,2,2,1
14054,65,1,184.92,2,1,1
14055,106,1,1451.2800000000002,2,1,3
14056,1,23,16305.42,4,4,4
14057,24,17,12423.32,3,4,4
14059,267,1,367.2,1,1,1
14060,5,19,12280.84,4,4,4
14062,10,12,20929.7,4,4,4
14064,29,5,2668.68,3,4,3
14066,267,1,305.1,1,1,1
14067,64,2,749.4,2,2,2
14068,320,1,531.7,1,1,1
14071,4,8,2875.14,4,4,3
14073,32,1,302.08,3,1,1
14075,5,3,1884.52,4,3,3
14076,129,1,237.34,2,1,1
14077,41,5,998.8399999999999,3,4,2
14078,102,6,2098.74,2,4,3
14079,125,1,750.2,2,1,2
14080,33,1,91.19999999999999,3,1,1
14081,302,2,1843.24,1,2,3
14082,365,1,364.5,1,1,1
14083,4,9,2005.8,4,4,3
14085,2,18,8842.58,4,4,4
14087,3,1,382.94,4,1,1
14088,10,13,100983.62,4,4,4
14089,57,1,317.5,2,1,1
14090,325,1,152.64000000000001,1,1,1
14092,8,14,8153.82,4,4,4
14093,12,1,867.72,4,1,2
14096,4,17,130329.58,4,4,4
14098,37,1,294.7,3,1,1
14099,16,11,6208.34,4,4,4
14100,138,1,383.90000000000003,2,1,1
14101,74,6,11953.58,2,4,4
14102,5,5,2211.7599999999998,4,4,3
14104,155,2,432.41999999999996,1,2,1
14105,239,1,2532.46,1,1,3
14107,52,7,5406.46,2,4,4
14108,31,2,1195.82,3,2,2
14109,73,1,288.4,2,1,1
14110,4,12,11366.3,4,4,4
14111,14,4,1385.7,4,3,3
14112,23,7,5830.3,3,4,4
14113,4,4,3680.84,4,3,4
14114,274,2,773.06,1,2,2
14116,20,5,2765.48,3,4,3
14117,144,1,180.0,1,1,1
14121,4,4,5560.3,4,3,4
14124,84,1,839.1600000000001,2,1,2
14125,11,3,5441.26,4,3,4
14126,8,3,1412.2600000000002,4,3,3
14127,123,3,1419.42,2,3,3
14128,61,2,1275.0,2,2,2
14129,2,5,2247.7200000000003,4,4,3
14130,319,1,961.82,1,1,2
14132,2,11,7172.0599999999995,4,4,4
14133,130,3,1211.28,2,3,2
14135,2,15,9380.62,4,4,4
14138,2,2,1931.7600000000002,4,2,3
14139,46,1,831.64,3,1,2
14140,4,2,1870.1,4,2,3
14141,3,4,1830.26,4,3,3
14142,373,1,623.62,1,1,2
14143,134,1,231.6,2,1,1
14145,47,4,7484.4,3,3,4
14146,9,5,8382.0,4,4,4
14147,78,2,966.8,2,2,2
14148,234,1,314.4,1,1,1
14149,221,1,893.24,1,1,2
14150,36,2,1317.28,3,2,2
14152,75,2,1242.58,2,2,2
14154,239,2,2691.24,1,2,3
14155,266,1,237.5,1,1,1
14156,10,55,234420.16,4,4,4
14157,20,2,849.7800000000001,3,2,2
14158,40,1,1015.32,3,1,2
14159,20,11,9260.7,3,4,4
14161,216,3,2195.2400000000002,1,3,3
14162,174,2,578.72,1,2,1
14163,87,4,4891.82,2,3,4
14164,71,2,3263.54,2,2,3
14165,276,1,240.88,1,1,1
14167,39,4,1125.18,3,3,2
14171,98,1,727.58,2,1,2
14173,11,4,901.68,4,3,2
14174,33,1,268.92,3,1,1
14175,60,3,6444.6,2,3,4
14176,297,4,1153.8000000000002,1,3,2
14177,86,4,1098.92,2,3,2
14178,9,7,3200.52,4,4,3
14179,41,2,1403.14,3,2,3
14180,11,25,9497.04,4,4,4
14184,67,1,905.78,2,1,2
14185,331,1,395.3,1,1,1
14188,31,6,4108.72,3,4,4
14189,2,15,9308.16,4,4,4
14191,2,13,9369.52,4,4,4
14193,68,2,1706.78,2,2,3
14194,5,21,22699.04,4,4,4
14195,202,2,2024.0,1,2,3
14196,107,1,671.04,2,1,2
14198,18,4,1402.8,4,3,3
14199,218,1,370.79999999999995,1,1,1
14201,60,7,1494.88,2,4,3
14204,2,1,301.22,4,1,1
14205,17,2,933.4,4,2,2
14206,239,1,656.3199999999999,1,1,2
14208,95,1,303.48,2,1,1
14209,11,6,4146.86,4,4,4
14210,106,6,3811.6800000000003,2,4,4
14211,53,9,4482.2,2,4,4
14212,90,1,2140.96,2,1,3
14214,31,5,2008.76,3,4,3
14215,12,6,3579.44,4,4,4
14216,3,4,3678.6,4,3,4
14217,2,17,4009.96,4,4,4
14218,43,1,338.96000000000004,3,1,1
14219,4,1,179.88,4,1,1
14220,247,2,1264.8,1,2,2
14221,42,9,6865.6,3,4,4
14222,177,1,1366.34,1,1,3
14223,92,3,1982.26,2,3,3
14224,110,4,2019.46,2,3,3
14226,29,5,4429.58,3,4,4
14227,26,10,6701.92,3,4,4
14229,52,3,3094.4,2,3,3
14231,184,3,1851.42,1,3,3
14232,43,5,4096.14,3,4,4
14233,49,4,2925.44,3,3,3
14234,22,4,1508.24,3,3,3
14235,75,5,6289.72,2,4,4
14236,81,2,981.72,2,2,2
14237,373,1,322.0,1,1,1
14238,326,1,293.7,1,1,1
14239,43,11,4761.7,3,4,4
14240,30,2,1780.68,3,2,3
14241,184,1,427.40000000000003,1,1,1
14242,235,2,561.1,1,2,1
14243,9,10,5177.54,4,4,4
14245,220,2,3386.9,1,2,4
14246,111,3,2948.12,2,3,3
14247,278,1,273.53999999999996,1,1,1
14248,318,1,605.16,1,1,1
14250,7,3,3808.1,4,3,4
14251,2,5,5759.400000000001,4,4,4
14256,260,2,1938.1200000000001,1,2,3
14257,64,5,6199.4400000000005,2,4,4
14258,9,9,25339.96,4,4,4
14259,142,1,240.0,2,1,1
14261,51,2,2326.9,3,2,3
14262,8,8,5236.46,4,4,4
14264,155,2,667.94,1,2,2
14265,109,2,1060.36,2,2,2
14267,163,3,3032.48,1,3,3
14270,332,1,985.3000000000001,1,1,2
14271,226,1,224.64,1,1,1
14272,74,2,875.92,2,2,2
14273,51,4,1119.94,3,3,2
14276,99,3,2239.48,2,3,3
14277,15,3,8376.0,4,3,4
14280,197,1,268.08,1,1,1
14282,3,15,7402.88,4,4,4
14284,31,2,1190.5,3,2,2
14285,21,4,3820.02,3,3,4
14286,24,3,9257.5,3,3,4
14287,8,3,353.26,4,3,1
14288,213,1,853.2,1,1,2
14289,9,6,1822.52,4,4,3
14290,11,5,4629.3,4,4,4
14291,2,11,7766.5,4,4,4
14292,8,9,9743.86,4,4,4
14293,3,4,2093.12,4,3,3
14295,40,1,332.40000000000003,3,1,1
14297,18,4,2610.66,4,3,3
14298,8,44,103054.6,4,4,4
14299,8,9,7931.24,4,4,4
14300,19,1,86.4,3,1,1
14301,117,1,1280.28,2,1,2
14304,223,1,766.9,1,1,2
14305,71,3,3717.92,2,3,4
14306,51,2,4186.64,3,2,4
14307,89,6,5991.44,2,4,4
14309,8,9,4705.06,4,4,4
14311,243,1,620.52,1,1,2
14312,47,6,3223.18,3,4,3
14314,107,1,240.0,2,1,1
14315,45,6,4962.26,3,4,4
14317,65,1,1017.1600000000001,2,1,2
14320,207,2,955.58,1,2,2
14321,11,5,3061.5,4,4,3
14323,115,2,1210.1200000000001,2,2,2
14326,242,1,367.7,1,1,1
14327,163,1,623.3,1,1,2
14329,17,7,9950.48,4,4,4
14331,124,2,925.3199999999999,2,2,2
14332,23,3,1680.42,3,3,3
14333,68,1,830.4,2,1,2
14334,17,8,5104.42,4,4,4
14335,16,2,909.72,4,2,2
14336,17,4,3229.82,4,3,3
14338,161,2,1176.44,1,2,2
14339,243,1,619.04,1,1,2
14340,219,1,269.4,1,1,1
14341,45,8,4333.96,3,4,4
14342,21,4,1337.1200000000001,3,3,2
14344,127,8,1779.8600000000001,2,4,3
14345,39,1,217.95999999999998,3,1,1
14346,121,2,2043.16,2,2,3
14348,260,1,819.14,1,1,2
14349,10,1,267.0,4,1,1
14350,274,1,565.86,1,1,1
14351,165,1,102.0,1,1,1
14352,157,4,2157.92,1,3,3
14353,215,1,181.2,1,1,1
14354,6,2,327.24,4,2,1
14355,366,1,348.8,1,1,1
14356,80,2,1402.46,2,2,3
14357,43,1,450.24,3,1,1
14359,19,3,1824.36,3,3,3
14360,32,4,4236.06,3,3,4
14362,22,1,303.0,3,1,1
14364,109,8,7434.7,2,4,4
14367,8,16,18455.64,4,4,4
14368,320,1,310.0,1,1,1
14371,295,1,201.0,1,1,1
14373,358,1,153.1,1,1,1
14375,185,1,471.12,1,1,1
14377,191,2,1234.1,1,2,2
14379,44,2,696.2,3,2,2
14381,52,1,405.36,2,1,1
14382,26,1,1230.98,3,1,2
14383,38,3,2495.38,3,3,3
14385,9,3,404.22,4,3,1
14386,297,1,284.8,1,1,1
14387,33,3,3455.2,3,3,4
14388,10,8,6425.68,4,4,4
14389,65,2,2086.92,2,2,3
14390,10,9,9285.14,4,4,4
14393,218,1,135.9,1,1,1
14395,2,9,6959.82,4,4,4
14396,65,2,975.98,2,2,2
14397,3,19,5225.92,4,4,4
14400,149,1,1149.4,1,1,2
14401,4,13,8102.96,4,4,4
14403,130,4,2951.62,2,3,3
14404,34,6,2898.64,3,4,3
14406,119,1,313.5,2,1,1
14407,107,6,4315.46,2,4,4
14408,11,7,5198.06,4,4,4
14409,71,6,4118.900000000001,2,4,4
14410,92,9,2200.54,2,4,3
14411,311,1,2126.0,1,1,3
14412,43,2,1540.06,3,2,3
14413,362,1,242.1,1,1,1
14414,92,7,2993.96,2,4,3
14415,1,13,11711.14,4,4,4
14416,22,2,980.44,3,2,2
14418,4,3,3874.5,4,3,4
14419,11,6,2103.58,4,4,3
14420,99,1,775.04,2,1,2
14421,57,2,1626.22,2,2,3
14422,1,6,8527.28,4,4,4
14423,218,1,530.4,1,1,1
14424,18,1,644.16,4,1,2
14426,24,10,8963.34,3,4,4
14427,50,2,726.6800000000001,3,2,2
14428,7,5,2448.12,4,4,3
14431,303,1,940.72,1,1,2
14432,10,6,4497.0,4,4,4
14434,22,6,2745.6,3,4,3
14436,99,1,178.12,2,1,1
14437,366,1,126.0,1,1,1
14438,306,1,263.8,1,1,1
14439,320,1,5322.48,1,1,4
14440,8,5,4715.360000000001,4,4,4
14441,1,4,3425.78,4,3,4
14442,205,2,3179.64,1,2,3
14443,54,4,2840.4,2,3,3
14446,1,4,2020.7,4,3,3
14447,19,5,2326.46,3,4,3
14448,9,2,750.7,4,2,2
14449,19,4,1771.6,3,3,3
14450,181,3,966.5,1,3,2
14451,60,2,1287.8,2,2,2
14452,11,2,518.1,4,2,1
14453,190,1,239.86,1,1,1
14456,5,9,6034.56,4,4,4
14457,311,1,227.28,1,1,1
14459,155,1,3675.84,1,1,4
14460,110,3,868.68,2,3,2
14461,148,3,4206.12,1,3,4
14462,66,11,3961.14,2,4,4
14463,98,3,1059.24,2,3,2
14465,247,3,2076.88,1,3,3
14466,29,7,4544.8,3,4,4
14467,18,4,1192.52,4,3,2
14470,12,2,922.38,4,2,2
14472,104,8,3705.34,2,4,4
14473,74,2,468.68000000000006,2,2,1
14474,46,1,1095.32,3,1,2
14475,72,3,1851.7,2,3,3
14476,257,1,386.0,1,1,1
14477,20,4,2619.2,3,3,3
14479,254,2,632.5,1,2,2
14480,11,1,558.1,4,1,1
14481,165,2,1273.02,1,2,2
14482,18,6,4045.62,4,4,4
14483,282,1,274.2,1,1,1
14484,50,1,643.84,3,1,2
14485,39,1,325.6,3,1,1
14487,27,6,2330.96,3,4,3
14488,68,1,2128.56,2,1,3
14489,207,1,926.76,1,1,2
14491,175,2,681.86,1,2,2
14493,7,5,4766.4800000000005,4,4,4
14494,26,1,279.12,3,1,1
14495,51,2,247.6,3,2,1
14496,312,2,1077.6200000000001,1,2,2
14497,309,1,950.74,1,1,2
14498,43,5,3914.64,3,4,4
14499,26,3,1616.88,3,3,3
14500,88,3,713.7,2,3,2
14501,184,2,502.42,1,2,1
14502,20,11,4859.66,3,4,4
14503,3,6,7086.52,4,4,4
14504,47,4,1346.52,3,3,3
14505,17,8,11718.86,4,4,4
14506,17,5,3921.3,4,4,4
14507,24,6,2735.76,3,4,3
14508,22,2,536.1,3,2,1
14511,11,5,2629.62,4,4,3
14512,188,2,550.56,1,2,1
14513,101,3,911.1800000000001,2,3,2
14514,61,3,1980.4,2,3,3
14515,18,6,4153.78,4,4,4
14517,33,2,660.9,3,2,2
14518,64,1,348.74,2,1,1
14520,2,2,541.2,4,2,1
14522,24,4,1949.08,3,3,3
14523,108,1,482.18,2,1,1
14524,32,9,3687.66,3,4,4
14525,20,9,8431.8,3,4,4
14527,3,55,17014.26,4,4,4
14528,37,1,728.4399999999999,3,1,2
14529,60,3,1157.22,2,3,2
14530,26,6,5724.22,3,4,4
14532,236,4,1865.7,1,3,3
14533,25,7,3899.44,3,4,4
14534,3,18,8794.6,4,4,4
14535,60,3,5709.68,2,3,4
14536,260,1,341.9,1,1,1
14537,58,1,711.12,2,1,2
14538,65,2,776.5,2,2,2
14539,16,2,1074.96,4,2,2
14540,10,3,1905.32,4,3,3
14541,59,8,2906.7,2,4,3
14542,186,1,206.5,1,1,1
14543,29,16,7199.46,3,4,4
14544,24,2,4008.6,3,2,4
14546,5,5,5147.86,4,4,4
14547,4,8,7949.5,4,4,4
14548,151,2,1305.6,1,2,2
14549,311,1,578.48,1,1,1
14550,11,2,1514.74,4,2,3
14551,18,2,372.46,4,2,1
14552,152,1,328.44,1,1,1
14553,19,5,1718.54,3,4,3
14554,10,4,4558.9800000000005,4,3,4
14555,57,2,625.08,2,2,2
14557,85,1,1576.76,2,1,3
14560,7,22,4475.54,4,4,4
14561,76,3,2161.52,2,3,3
14562,4,18,10013.54,4,4,4
14565,96,4,6198.24,2,3,4
14566,111,1,2864.0,2,1,3
14567,57,2,3060.7200000000003,2,2,3
14569,1,1,454.78,4,1,1
14570,281,2,436.12,1,2,1
14572,3,7,5609.08,4,4,4
14573,180,9,3279.64,1,4,3
14576,372,1,70.80000000000001,1,1,1
14577,13,4,1719.42,4,3,3
14578,3,1,337.26,4,1,1
14581,17,1,277.2,4,1,1
14582,41,1,228.22,3,1,1
14583,6,5,1973.92,4,4,3
14584,169,4,2066.12,1,3,3
14585,50,1,314.1,3,1,1
14586,277,1,474.72,1,1,1
14587,19,9,3160.58,3,4,3
14589,372,1,79.5,1,1,1
14591,15,4,2640.42,4,3,3
14592,35,3,1115.88,3,3,2
14593,22,3,1234.3,3,3,2
14594,7,2,726.66,4,2,2
14595,20,6,3481.2,3,4,4
14597,11,2,1732.48,4,2,3
14598,44,1,443.94,3,1,1
14600,306,1,786.6600000000001,1,1,2
14601,11,1,427.92,4,1,1
14603,275,1,1320.0,1,1,2
14606,1,93,24152.3,4,4,4
14607,16,14,32419.0,4,4,4
14608,4,4,3570.3,4,3,4
14609,72,4,1203.12,2,3,2
14616,243,3,812.1600000000001,1,3,2
14618,9,3,1106.88,4,3,2
14619,246,1,788.88,1,1,2
14620,206,2,825.5600000000001,1,2,2
14621,1,5,3576.7200000000003,4,4,4
14622,185,1,641.1600000000001,1,1,2
14623,32,5,1773.4,3,4,3
14624,57,2,451.7,2,2,1
14625,196,2,1799.26,1,2,3
14626,24,4,5582.54,3,3,4
14628,91,2,1343.92,2,2,3
14629,4,2,1910.52,4,2,3
14631,51,3,2013.96,3,3,3
14632,263,1,229.12,1,1,1
14633,266,1,689.8000000000001,1,1,2
14636,36,2,1219.7,3,2,2
14638,51,1,887.2,3,1,2
14639,52,6,5968.98,2,4,4
14640,24,6,4214.76,3,4,4
14641,22,1,220.92,3,1,1
14642,59,1,192.24,2,1,1
14643,170,2,1387.6200000000001,1,2,3
14644,68,2,1661.52,2,2,3
14645,157,2,1194.18,1,2,2
14646,2,73,560412.04,4,4,4
14647,201,1,472.08000000000004,1,1,1
14649,5,4,2805.18,4,3,3
14651,67,2,1307.5,2,2,2
14652,77,1,228.36,2,1,1
14653,1,7,3853.3,4,4,4
14655,8,4,3864.46,4,3,4
14656,169,2,582.1,1,2,1
14657,18,4,1696.44,4,3,3
14658,5,2,494.3,4,2,1
14659,9,9,5059.86,4,4,4
14660,87,2,571.48,2,2,1
14661,27,1,215.9,3,1,1
14662,29,4,1482.74,3,3,3
14664,20,2,1272.48,3,2,2
14665,61,5,3671.4,2,4,4
14666,24,1,390.5,3,1,1
14667,11,25,18350.08,4,4,4
14669,242,3,2518.48,1,3,3
14670,280,2,785.72,1,2,2
14672,235,2,1531.1,1,2,3
14673,3,5,3472.8,4,4,4
14675,16,1,1192.72,4,1,2
14676,31,6,5096.4800000000005,3,4,4
14680,25,16,57508.22,3,4,4
14681,71,3,997.9,2,3,2
14682,188,2,104.0,1,2,1
14684,26,5,2403.02,3,4,3
14687,107,1,1256.76,2,1,2
14688,8,21,11158.2,4,4,4
14689,209,1,225.6,1,1,1
14690,44,2,710.1,3,2,2
14691,31,5,4228.66,3,4,4
14692,137,4,1183.1,2,3,2
14693,265,1,345.8,1,1,1
14696,4,7,4157.9,4,4,4
14697,218,2,377.21999999999997,1,2,1
14698,2,5,2434.54,4,4,3
14699,214,1,218.26000000000002,1,1,1
14700,32,3,4390.2,3,3,4
14701,11,9,5052.18,4,4,4
14702,1,17,6503.58,4,4,4
14703,15,1,636.34,4,1,2
14704,11,9,2987.92,4,4,3
14705,199,1,358.0,1,1,1
14708,3,3,2252.74,4,3,3
14709,15,13,9842.08,4,4,4
14710,14,4,1198.96,4,3,2
14711,10,11,5679.24,4,4,4
14712,29,3,1834.14,3,3,3
14713,9,11,5324.4,4,4,4
14714,24,1,320.38,3,1,1
14715,25,4,1734.76,3,3,3
14716,43,2,615.02,3,2,2
14719,2,5,3163.68,4,4,3
14720,6,3,1327.62,4,3,2
14722,147,1,360.84000000000003,1,1,1
14723,10,6,2244.7200000000003,4,4,3
14725,25,1,1311.16,3,1,2
14727,274,1,537.16,1,1,1
14729,374,1,626.98,1,1,2
14730,1,8,3795.14,4,4,4
14731,47,3,760.04,3,3,2
14732,8,8,5404.9800000000005,4,4,4
14733,16,12,19171.82,4,4,4
14735,4,32,12131.38,4,4,4
14737,4,3,2329.1,4,3,3
14738,43,7,2628.9,3,4,3
14739,4,7,7804.56,4,4,4
14740,197,3,2896.42,1,3,3
14741,12,6,2800.68,4,4,3
14744,16,7,2199.96,4,4,3
14745,113,5,2440.52,2,4,3
14747,249,1,656.4,1,1,2
14748,29,5,2831.5,3,4,3
14752,44,1,779.28,3,1,2
14753,87,1,1126.3,2,1,2
14754,45,2,1276.1,3,2,2
14755,10,11,10020.56,4,4,4
14756,15,1,1477.92,4,1,3
14757,75,1,841.0,2,1,2
14758,145,4,2968.12,1,3,3
14759,5,3,3251.94,4,3,3
14760,297,1,178.4,1,1,1
14761,59,2,511.8,2,2,1
14762,264,1,601.04,1,1,1
14764,47,1,556.6,3,1,1
14765,29,3,508.22,3,3,1
14766,8,6,4946.74,4,4,4
14768,17,2,385.20000000000005,4,2,1
14769,3,8,20833.96,4,4,4
14770,232,2,1752.84,1,2,3
14772,112,1,278.52,2,1,1
14775,58,3,2023.8,2,3,3
14776,51,11,5076.6,3,4,4
14778,127,2,1461.72,2,2,3
14779,281,3,772.3,1,3,2
14780,55,2,895.36,2,2,2
14782,320,1,400.20000000000005,1,1,1
14784,26,2,579.98,3,2,1
14785,10,2,154.8,4,2,1
14788,7,2,1358.8799999999999,4,2,3
14789,29,1,395.28,3,1,1
14790,17,4,1490.12,4,3,3
14792,64,1,12.4,2,1,1
14793,21,1,457.98,3,1,1
14794,3,7,2639.82,4,4,3
14795,166,1,262.90000000000003,1,1,1
14796,1,17,15950.98,4,4,4
14798,53,3,347.48,2,3,1
14799,51,1,315.4,3,1,1
14800,48,12,8663.58,3,4,4
14801,61,1,378.68,2,1,1
14803,162,3,1691.1,1,3,3
14804,9,1,706.54,4,1,2
14805,15,4,1092.8,4,3,2
14806,75,1,386.78000000000003,2,1,1
14808,40,8,5437.2,3,4,4
14810,41,11,4170.66,3,4,4
14813,370,2,305.76,1,2,1
14815,37,2,1557.0,3,2,3
14816,197,1,543.7,1,1,1
14817,200,2,2220.68,1,2,3
14818,74,3,1315.6,2,3,2
14819,64,2,544.14,2,2,1
14820,21,4,1014.58,3,3,2
14821,367,1,97.60000000000001,1,1,1
14823,180,3,642.86,1,3,2
14824,10,4,2255.42,4,3,3
14825,4,12,4442.02,4,4,4
14828,197,3,4279.52,1,3,4
14829,29,4,1395.1,3,3,3
14830,53,1,377.76,2,1,1
14834,18,6,3440.6,4,4,4
14836,10,3,204.89999999999998,4,3,1
14837,90,4,3299.0,2,3,3
14840,268,1,125.7,1,1,1
14841,53,6,6591.52,2,4,4
14842,44,4,5649.38,3,3,4
14844,64,4,6379.62,2,3,4
14847,149,1,618.8,1,1,2
14849,22,25,15861.08,3,4,4
14850,312,1,651.5,1,1,2
14851,23,2,1022.7,3,2,2
14852,58,6,5673.38,2,4,4
14853,24,2,951.6,3,2,2
14854,78,7,5480.06,2,4,4
14855,119,2,1291.3,2,2,2
14856,36,3,2581.06,3,3,3
14857,60,2,2346.24,2,2,3
14859,13,4,2707.48,4,3,3
14860,19,1,340.64,3,1,1
14861,52,1,251.58,2,1,1
14862,26,2,1682.3999999999999,3,2,3
14863,29,1,533.52,3,1,1
14865,7,2,104.4,4,2,1
14866,11,12,28779.8,4,4,4
14867,186,3,1420.56,1,3,3
14868,3,8,5907.18,4,4,4
14869,9,2,1442.9,4,2,3
14870,262,1,654.5,1,1,2
14871,3,4,1002.5600000000001,4,3,2
14873,210,1,1039.36,1,1,2
14875,108,2,2930.6400000000003,2,2,3
14878,13,9,2952.18,4,4,3
14880,77,3,1381.18,2,3,3
14881,20,1,510.8,3,1,1
14882,27,2,1179.4,3,2,2
14883,19,6,1523.18,3,4,3
14885,132,1,1530.6399999999999,2,1,3
14886,253,1,729.6,1,1,2
14887,79,1,3724.0,2,1,4
14888,207,1,738.4,1,1,2
14889,336,1,271.8,1,1,1
14890,254,1,251.3,1,1,1
14891,148,2,1108.76,1,2,2
14893,10,2,2475.7000000000003,4,2,3
14894,85,1,1311.5,2,1,2
14895,8,20,22277.420000000002,4,4,4
14896,205,2,937.5400000000001,1,2,2
14897,8,4,2732.76,4,3,3
14898,23,6,2538.62,3,4,3
14901,11,9,2842.58,4,4,3
14902,26,1,665.32,3,1,2
14903,21,5,5590.66,3,4,4
14904,2,2,2050.88,4,2,3
14905,158,2,1232.3,1,2,2
14907,3,7,7002.2,4,4,4
14908,74,1,555.6,2,1,1
14910,3,4,868.7,4,3,2
14911,1,201,287422.34,4,4,4
14912,17,2,1735.7,4,2,3
14913,36,4,2454.86,3,3,3
14915,91,2,614.96,2,2,2
14916,71,4,2537.96,2,3,3
14918,116,2,3220.3,2,2,3
14920,213,2,1955.54,1,2,3
14921,30,2,2632.14,3,2,3
14923,51,1,1498.2,3,1,3
14924,246,1,620.1,1,1,2
14929,32,1,447.76,3,1,1
14930,109,3,4725.92,2,3,4
14931,5,5,2515.36,4,4,3
14932,366,1,727.06,1,1,2
14934,82,2,3781.88,2,2,4
14935,297,1,3569.42,1,1,4
14936,34,8,16274.04,3,4,4
14937,57,3,3243.76,2,3,3
14944,30,12,11800.5,3,4,4
14946,14,1,201.8,4,1,1
14947,72,2,581.64,2,2,1
14948,23,6,2203.94,3,4,3
14950,19,1,742.4,3,1,2
14951,79,1,623.38,2,1,2
14952,60,11,16198.98,2,4,4
14953,25,1,571.34,3,1,1
14954,12,1,589.7,4,1,1
14957,253,1,116.98,1,1,1
14958,147,3,967.4599999999999,1,3,2
14959,64,4,1390.84,2,3,3
14960,8,2,442.54,4,2,1
14961,11,9,14089.36,4,4,4
14962,271,1,253.4,1,1,1
14963,10,5,2944.68,4,4,3
14964,247,1,412.42,1,1,1
14965,96,2,1192.18,2,2,2
14966,15,1,366.04,4,1,1
14967,50,1,927.6,3,1,2
14968,30,1,295.18,3,1,1
14970,68,4,3184.12,2,3,3
14971,35,3,2195.96,3,3,3
14972,128,1,229.54,2,1,1
14973,107,3,2628.9,2,3,3
14974,37,1,179.88,3,1,1
14975,57,1,559.88,2,1,1
14976,57,7,1581.72,2,4,3
14978,72,5,3842.7400000000002,2,4,4
14981,246,1,204.24,1,1,1
14984,19,2,404.74,3,2,1
14985,198,2,584.02,1,2,1
14987,16,2,652.8,4,2,2
14988,212,1,669.08,1,1,2
14995,39,2,463.96000000000004,3,2,1
14997,46,3,1092.3999999999999,3,3,2
14998,170,2,829.74,1,2,2
15000,48,1,981.04,3,1,2
15002,116,4,3283.52,2,3,3
15004,147,1,2441.54,1,1,3
15005,16,28,12590.74,4,4,4
15006,51,1,960.76,3,1,2
15007,159,1,313.82,1,1,1
15009,12,3,2518.86,4,3,3
15010,36,1,617.88,3,1,2
15012,54,2,810.08,2,2,2
15014,43,2,515.34,3,2,1
15016,173,1,340.08,1,1,1
15017,34,1,251.16,3,1,1
15018,39,3,992.4200000000001,3,3,2
15019,267,1,505.62,1,1,1
15021,9,9,3743.54,4,4,4
15022,12,4,1704.78,4,3,3
15023,3,11,13440.82,4,4,4
15024,10,10,3272.86,4,4,3
15025,33,1,723.92,3,1,2
15026,80,3,938.0,2,3,2
15027,31,4,2132.2999999999997,3,3,3
15028,8,4,1254.26,4,3,2
15030,72,2,1036.56,2,2,2
15031,4,4,1306.38,4,3,2
15032,256,3,9918.2,1,3,4
15033,5,10,5114.36,4,4,4
15034,16,8,8548.32,4,4,4
15035,90,1,505.46000000000004,2,1,1
15036,72,3,859.12,2,3,2
15038,59,6,1371.48,2,4,3
15039,10,47,39533.18,4,4,4
15041,170,1,359.86,1,1,1
15042,199,1,271.86,1,1,1
15043,31,1,1074.0,3,1,2
15044,19,17,15269.460000000001,3,4,4
15045,152,2,1471.32,1,2,3
15046,9,15,10180.84,4,4,4
15047,270,1,687.24,1,1,2
15048,65,4,762.0,2,3,2
15049,274,1,242.34000000000003,1,1,1
15050,25,3,3475.38,3,3,4
15051,23,3,2766.7200000000003,3,3,3
15052,319,1,415.46000000000004,1,1,1
15053,5,3,1387.9,4,3,3
15054,12,2,604.2,4,2,1
15057,275,2,2979.0,1,2,3
15058,25,11,4205.08,3,4,4
15059,41,9,2675.44,3,4,3
15060,8,4,588.5,4,3,1
15061,4,48,109068.28,4,4,4
15062,71,4,1975.72,2,3,3
15063,213,1,741.5999999999999,1,1,2
15065,38,4,6316.26,3,3,4
15066,53,1,1787.18,2,1,3
15067,78,3,3489.52,2,3,4
15068,46,2,1106.72,3,2,2
15069,179,1,2219.06,1,1,3
15070,373,1,212.4,1,1,1
15071,94,2,1964.14,2,2,3
15073,10,3,2086.82,4,3,3
15074,105,1,1471.34,2,1,3
15075,78,1,1546.06,2,1,3
15076,173,1,1761.7,1,1,3
15078,7,32,19486.22,4,4,4
15079,213,4,1791.22,1,3,3
15081,22,5,1009.6,3,4,2
15083,257,1,176.4,1,1,1
15087,282,1,613.88,1,1,2
15088,21,2,2320.14,3,2,3
15089,10,6,4841.68,4,4,4
15090,308,1,762.64,1,1,2
15091,68,1,961.42,2,1,2
15092,215,2,915.62,1,2,2
15093,18,6,9194.04,4,4,4
15095,104,4,2741.2,2,3,3
15096,43,1,438.78000000000003,3,1,1
15097,4,1,496.16,4,1,1
15098,182,3,79833.0,1,3,4
15099,84,1,820.96,2,1,2
15100,334,3,1752.0,1,3,3
15101,9,2,635.06,4,2,2
15103,31,2,1406.72,3,2,3
15104,197,2,1987.08,1,2,3
15105,18,7,4597.86,4,4,4
15106,18,5,2845.04,4,4,3
15107,311,6,639.0,1,4,2
15108,142,4,2600.5,2,3,3
15109,246,1,969.9,1,1,2
15110,24,4,1992.2,3,3,3
15111,29,3,3134.96,3,3,3
15113,10,3,7018.86,4,3,4
15114,30,10,5521.12,3,4,4
15115,18,1,680.22,4,1,2
15116,18,4,2705.5,4,3,3
15117,15,5,3103.56,4,4,3
15118,134,1,489.6,2,1,1
15119,246,1,532.8,1,1,1
15120,134,1,717.64,2,1,2
15121,50,2,915.44,3,2,2
15122,114,3,3267.56,2,3,3
15123,7,2,4398.62,4,2,4
15124,23,2,368.38,3,2,1
15125,25,15,23056.96,3,4,4
15127,66,1,813.06,2,1,2
15128,60,4,2942.0,2,3,3
15129,50,11,6894.8,3,4,4
15130,170,1,660.22,1,1,2
15132,18,5,1955.8600000000001,4,4,3
15133,128,3,1964.84,2,3,3
15134,15,8,2775.98,4,4,3
15135,239,1,278.1,1,1,1
15136,3,4,2573.4,4,3,3
15139,240,2,357.92,1,2,1
15140,52,7,4708.5,2,4,4
15142,46,1,997.48,3,1,2
15143,226,1,518.9,1,1,1
15144,8,17,13160.88,4,4,4
15145,4,4,2389.46,4,3,3
15146,165,2,2654.32,1,2,3
15147,240,1,1247.0,1,1,2
15148,11,1,602.58,4,1,1
15149,134,1,1041.6000000000001,2,1,2
15150,17,10,10582.66,4,4,4
15152,10,13,9491.38,4,4,4
15153,31,1,658.5,3,1,2
15154,75,1,508.56,2,1,1
15156,1,3,1922.98,4,3,3
15157,4,3,3872.14,4,3,4
15158,45,1,802.8000000000001,3,1,2
15159,2,30,37282.020000000004,4,4,4
15160,357,1,316.32,1,1,1
15163,18,2,608.94,4,2,1
15164,69,3,1649.16,2,3,3
15165,373,1,975.5,1,1,2
15167,321,1,317.6,1,1,1
15168,26,1,213.12,3,1,1
15171,331,1,2579.0,1,1,3
15172,9,5,3248.1,4,4,3
15174,323,1,271.5,1,1,1
15175,72,1,448.28,2,1,1
15178,260,1,81.0,1,1,1
15179,18,5,4413.9,4,4,4
15180,367,1,175.0,1,1,1
15181,66,3,1378.9599999999998,2,3,3
15182,154,2,1245.7,1,2,2
15184,29,2,804.4,3,2,2
15185,70,1,621.24,2,1,2
15186,14,2,822.82,4,2,2
15187,2,16,9554.36,4,4,4
15189,1,41,32450.78,4,4,4
15192,120,3,2088.64,2,3,3
15193,61,1,998.64,2,1,2
15194,3,15,15233.06,4,4,4
15195,3,1,7722.0,4,1,4
15197,11,3,2159.2200000000003,4,3,3
15198,92,2,387.28,2,2,1
15199,59,4,2537.4,2,3,3
15201,87,5,2473.08,2,4,3
15203,26,6,3655.6,3,4,4
15204,357,1,633.16,1,1,2
15205,85,2,1306.48,2,2,2
15206,10,4,840.5999999999999,4,3,2
15208,1,5,1740.24,4,4,3
15210,225,1,662.36,1,1,2
15211,60,2,1788.8200000000002,2,2,3
15212,241,1,203.6,1,1,1
15213,319,2,656.7,1,2,2
15214,2,8,3322.88,4,4,4
15215,47,3,1469.88,3,3,3
15216,88,1,193.2,2,1,1
15218,11,11,11513.78,4,4,4
15219,176,1,611.5,1,1,1
15220,52,6,3557.92,2,4,4
15221,366,1,806.5,1,1,2
15222,319,1,1170.0,1,1,2
15223,226,2,1511.5,1,2,3
15224,358,2,644.16,1,2,2
15225,234,1,818.8000000000001,1,1,2
15226,311,1,308.82,1,1,1
15227,37,5,2438.8,3,4,3
15228,66,4,6773.42,2,3,4
15230,239,2,859.2,1,2,2
15232,113,2,1224.12,2,2,2
15234,277,1,394.0,1,1,1
15235,218,12,4495.02,1,4,4
15236,299,1,642.1,1,1,2
15237,2,4,2824.64,4,3,3
15238,29,3,2143.98,3,3,3
15239,10,2,1561.18,4,2,3
15240,45,5,3413.14,3,4,4
15241,67,8,3512.88,2,4,4
15243,74,1,633.36,2,1,2
15244,65,2,1263.14,2,2,2
15245,134,3,5031.68,2,3,4
15246,238,2,1028.3,1,2,2
15247,122,1,712.0,2,1,2
15249,32,13,13376.92,3,4,4
15251,9,11,20969.98,4,4,4
15252,36,2,1481.56,3,2,3
15253,16,5,1836.3999999999999,4,4,3
15254,127,1,600.72,2,1,1
15255,67,1,1781.7,2,1,3
15256,149,1,196.9,1,1,1
15257,283,1,634.3,1,1,2
15258,169,2,1246.32,1,2,2
15260,100,7,3621.54,2,4,4
15261,135,1,509.64,2,1,1
15262,324,1,357.90000000000003,1,1,1
15263,107,1,313.02,2,1,1
15264,64,1,787.48,2,1,2
15265,151,2,3012.2400000000002,1,2,3
15266,338,1,238.6,1,1,1
15267,22,5,3434.72,3,4,4
15269,24,1,817.6,3,1,2
15270,16,7,4758.98,4,4,4
15271,7,15,4986.68,4,4,4
15272,57,2,1443.88,2,2,3
15274,4,2,1433.14,4,2,3
15275,38,1,1230.28,3,1,2
15276,66,1,257.26,2,1,1
15277,47,1,511.79999999999995,3,1,1
15279,355,1,581.02,1,1,1
15280,172,1,226.24,1,1,1
15281,59,9,4664.3,2,4,4
15286,50,1,481.1,3,1,1
15287,22,2,973.38,3,2,2
15288,43,5,4613.04,3,4,4
15289,29,3,1879.56,3,3,3
15290,5,18,15886.44,4,4,4
15291,26,15,9336.6,3,4,4
15292,201,1,356.78,1,1,1
15296,51,6,7345.72,3,4,4
15297,10,3,1283.88,4,3,2
15298,2,12,9599.8,4,4,4
15299,67,7,9014.02,2,4,4
15300,64,1,992.88,2,1,2
15301,51,12,10099.9,3,4,4
15303,290,1,1148.04,1,1,2
15304,61,8,1388.8000000000002,2,4,3
15306,64,3,2348.7,2,3,3
15307,96,1,410.6,2,1,1
15308,274,1,620.94,1,1,2
15311,1,91,121265.5,4,4,4
15312,75,4,1849.7,2,3,3
15313,110,1,104.0,2,1,1
15314,199,1,655.94,1,1,2
15315,64,2,1141.0,2,2,2
15316,327,1,330.0,1,1,1
15318,4,1,625.24,4,1,2
15319,284,1,409.0,1,1,1
15320,44,1,534.26,3,1,1
15321,71,3,5496.62,2,3,4
15322,86,1,1359.36,2,1,3
15325,104,1,323.48,2,1,1
15326,334,1,623.42,1,1,2
15327,53,1,417.5,2,1,1
15329,39,3,2099.4,3,3,3
15330,32,2,1429.92,3,2,3
15332,366,4,3322.12,1,3,4
15333,208,1,2057.12,1,1,3
15334,157,3,701.64,1,3,2
15335,54,1,340.44,2,1,1
15339,66,2,1148.14,2,2,2
15341,81,1,4041.04,2,1,4
15342,130,1,812.18,2,1,2
15343,87,1,729.0,2,1,2
15344,1,3,1127.88,4,3,2
15345,46,1,787.08,3,1,2
15346,333,1,504.84000000000003,1,1,1
15347,366,1,403.20000000000005,1,1,1
15348,72,1,316.08,2,1,1
15349,158,2,927.8199999999999,1,2,2
15350,373,1,231.3,1,1,1
15351,12,7,3869.32,4,4,4
15353,255,2,1540.24,1,2,3
15355,29,2,554.1,3,2,1
15356,31,10,5436.06,3,4,4
15358,5,22,16694.4,4,4,4
15360,40,1,855.86,3,1,2
15361,362,1,837.84,1,1,2
15363,373,1,652.0,1,1,2
15364,96,2,1826.38,2,2,3
15365,26,7,4628.64,3,4,4
15366,75,2,1205.02,2,2,2
15367,57,4,3755.18,2,3,4
15368,21,1,893.8800000000001,3,1,2
15370,41,7,4772.1,3,4,4
15372,137,1,4014.7999999999997,2,1,4
15373,8,12,4831.82,4,4,4
15374,129,1,336.0,2,1,1
15376,40,3,2443.12,3,3,3
15379,169,7,7406.58,1,4,4
15380,9,5,3380.5200000000004,4,4,4
15381,214,2,1193.7,1,2,2
15382,15,6,11911.42,4,4,4
15384,170,2,1284.82,1,2,2
15385,40,1,633.76,3,1,2
15386,186,1,788.28,1,1,2
15388,270,1,281.08,1,1,1
15389,172,1,1000.0,1,1,2
15392,5,4,3071.06,4,3,3
15393,16,2,463.72,4,2,1
15394,10,4,4367.08,4,3,4
15395,326,1,214.9,1,1,1
15396,113,1,576.36,2,1,1
15397,290,1,188.0,1,1,1
15398,16,2,2691.06,4,2,3
15399,1,3,1631.54,4,3,3
15400,92,5,1432.4,2,4,3
15402,149,2,1253.54,1,2,2
15405,189,1,698.2,1,1,2
15406,31,2,1021.4200000000001,3,2,2
15407,34,4,2093.48,3,3,3
15408,264,1,534.36,1,1,1
15410,84,8,6901.68,2,4,4
15411,26,4,2697.86,3,3,3
15412,171,1,381.06,1,1,1
15414,10,3,1549.8000000000002,4,3,3
15415,313,1,1119.22,1,1,2
15416,65,4,7968.64,2,3,4
15417,85,1,1017.6,2,1,2
15419,25,1,271.72,3,1,1
15421,59,4,1900.72,2,3,3
15422,323,2,195.4,1,2,1
15423,38,1,87.0,3,1,1
15424,254,2,766.68,1,2,2
15426,19,5,2808.14,3,4,3
15427,33,3,2861.08,3,3,3
15428,15,1,187.56,4,1,1
15429,27,2,794.7,3,2,2
15432,23,1,342.38,3,1,1
15433,214,2,1066.6,1,2,2
15434,8,5,2082.96,4,4,3
15435,22,1,298.58,3,1,1
15436,12,3,2135.5,4,3,3
15437,262,1,400.32,1,1,1
15438,131,1,313.15999999999997,2,1,1
15440,55,3,767.36,2,3,2
15442,249,1,1188.0,1,1,2
15443,2,7,6427.18,4,4,4
15444,9,2,2822.42,4,2,3
15445,264,1,227.0,1,1,1
15447,331,1,310.34,1,1,1
15448,313,1,989.28,1,1,2
15449,26,3,1949.04,3,3,3
15450,30,1,859.68,3,1,2
15452,30,3,1056.96,3,3,2
15453,2,7,2743.54,4,4,3
15454,362,1,358.2,1,1,1
15456,283,3,869.1800000000001,1,3,2
15457,262,1,474.14,1,1,1
15458,25,1,323.28,3,1,1
15460,354,1,428.52,1,1,1
15462,94,3,469.2,2,3,1
15463,29,1,252.28,3,1,1
15464,338,1,2089.3,1,1,3
15465,20,18,14709.24,3,4,4
15466,85,1,669.06,2,1,2
15467,9,3,1049.76,4,3,2
15468,51,2,935.02,3,2,2
15469,50,2,1077.1,3,2,2
15471,2,1,908.96,4,1,2
15472,113,1,743.12,2,1,2
15473,14,7,3542.4,4,4,4
15475,77,1,908.2199999999999,2,1,2
15478,40,2,2799.84,3,2,3
15480,116,1,1811.0,2,1,3
15482,16,12,21759.52,4,4,4
15483,161,4,450.52,1,3,1
15484,1,4,7180.82,4,3,4
15485,30,3,5129.0,3,3,4
15488,93,1,182.64000000000001,2,1,1
15489,23,3,2268.56,3,3,3
15491,95,6,6200.18,2,4,4
15492,28,2,1318.9199999999998,3,2,2
15493,33,5,3906.82,3,4,4
15494,21,2,2561.16,3,2,3
15497,18,2,2524.4,4,2,3
15498,3,27,26632.8,4,4,4
15500,8,4,2263.12,4,3,3
15502,16,12,20769.86,4,4,4
15503,363,1,282.08,1,1,1
15504,81,1,105.66,2,1,1
15505,53,5,7221.92,2,4,4
15506,23,3,1944.16,3,3,3
15507,172,1,951.72,1,1,2
15508,189,6,2000.54,1,4,3
15510,331,1,500.0,1,1,1
15511,12,5,1801.06,4,4,3
15512,156,2,242.0,1,2,1
15513,33,19,29516.440000000002,3,4,4
15514,12,11,8047.4400000000005,4,4,4
15516,45,3,124.86,3,3,1
15517,233,1,534.06,1,1,1
15518,64,8,3843.1,2,4,4
15520,2,1,687.0,4,1,2
15521,40,8,6000.4,3,4,4
15522,33,2,795.98,3,2,2
15523,84,1,824.0200000000001,2,1,2
15524,25,1,880.0,3,1,2
15525,2,3,1468.74,4,3,3
15526,33,2,296.88,3,2,1
15527,19,8,4857.06,3,4,4
15528,254,1,458.66,1,1,1
15529,23,11,7925.2,3,4,4
15530,22,4,2994.62,3,3,3
15531,8,2,3944.78,4,2,4
15532,25,4,3129.46,3,3,3
15533,19,3,1615.14,3,3,3
15535,173,4,1005.8,1,3,2
15537,163,1,221.84,1,1,1
15539,7,1,1076.92,4,1,2
15540,11,1,426.6,4,1,1
15541,114,1,170.26000000000002,2,1,1
15543,288,1,255.72,1,1,1
15544,9,9,7093.42,4,4,4
15545,54,2,577.9399999999999,2,2,1
15547,7,14,9821.2,4,4,4
15549,77,3,3362.92,2,3,4
15550,4,4,1151.26,4,3,2
15551,37,1,872.12,3,1,2
15552,217,1,180.24,1,1,1
15553,60,1,857.86,2,1,2
15554,278,1,434.4,1,1,1
15555,12,16,9589.72,4,4,4
15556,24,1,559.54,3,1,1
15557,29,1,937.82,3,1,2
15561,12,4,1601.18,4,3,3
15562,352,1,269.1,1,1,1
15563,22,4,2800.88,3,3,3
15565,50,2,346.32,3,2,1
15567,19,1,372.02,3,1,1
15568,3,3,1516.58,4,3,3
15569,104,5,2751.42,2,4,3
15570,7,12,8297.64,4,4,4
15571,12,4,1300.8600000000001,4,3,2
15572,5,7,5066.84,4,4,4
15573,32,2,1182.3799999999999,3,2,2
15574,178,4,1351.28,1,3,3
15576,38,1,1842.74,3,1,3
15577,151,3,517.76,1,3,1
15578,162,1,254.2,1,1,1
15579,69,2,655.2,2,2,2
15581,121,13,7351.54,2,4,4
15582,25,3,1365.8200000000002,3,3,3
15584,24,4,1441.72,3,3,3
15585,177,1,910.6,1,1,2
15587,50,4,1827.3600000000001,3,3,3
15589,256,3,957.0600000000001,1,3,2
15592,47,1,777.16,3,1,2
15593,71,1,399.6,2,1,1
15594,16,5,3543.56,4,4,4
15596,101,5,2813.18,2,4,3
15597,35,1,649.14,3,1,2
15598,53,1,481.36,2,1,1
15599,27,2,1523.48,3,2,3
15601,11,14,13553.12,4,4,4
15602,8,9,2595.7400000000002,4,4,3
15603,79,1,96.96000000000001,2,1,1
15604,52,1,432.78,2,1,1
15605,36,5,2396.46,3,4,3
15606,61,9,5840.32,2,4,4
15607,337,1,209.52,1,1,1
15608,28,4,2187.36,3,3,3
15609,184,1,596.96,1,1,1
15610,52,1,224.92000000000002,2,1,1
15611,10,13,3182.9,4,4,3
15612,36,2,390.3,3,2,1
15615,10,23,20799.48,4,4,4
15618,33,4,1553.702,3,3,3
15619,11,1,672.8000000000001,4,1,2
15620,57,3,3106.36,2,3,3
15621,4,4,2586.06,4,3,3
15622,43,9,7419.12,3,4,4
15623,141,1,602.06,2,1,1
15624,117,4,1176.26,2,3,2
15625,104,4,3068.52,2,3,3
15626,75,2,1351.6,2,2,3
15628,5,9,5740.4800000000005,4,4,4
15630,45,2,2372.7,3,2,3
15632,16,8,6570.62,4,4,4
15634,17,1,487.1,4,1,1
15636,90,2,1449.52,2,2,3
15637,53,1,446.72,2,1,1
15639,134,1,850.64,2,1,2
15640,4,15,24832.22,4,4,4
15641,105,4,3774.4,2,3,4
15643,192,3,1328.0,1,3,2
15644,166,4,1607.08,1,3,3
15645,19,1,1224.02,3,1,2
15646,158,3,895.2800000000001,1,3,2
15648,204,2,1279.0,1,2,2
15649,336,2,1632.0,1,2,3
15651,37,3,1292.6,3,3,2
15652,91,1,675.48,2,1,2
15653,93,2,1754.8799999999999,2,2,3
15654,9,2,1845.06,4,2,3
15655,243,1,1121.34,1,1,2
15656,45,4,1497.0,3,3,3
15657,23,1,60.0,3,1,1
15658,190,5,2048.2000000000003,1,4,3
15659,44,1,612.9,3,1,1
15660,25,9,3201.72,3,4,3
15661,317,2,619.6,1,2,2
15663,106,1,276.28,2,1,1
15664,51,1,772.86,3,1,2
15665,168,2,4444.42,1,2,4
15667,40,1,602.64,3,1,1
15668,218,1,152.64000000000001,1,1,1
15669,40,4,1368.68,3,3,3
15670,297,1,346.1,1,1,1
15671,19,7,5314.26,3,4,4
15673,88,4,5452.46,2,3,4
15674,73,5,4893.2,2,4,4
15675,81,3,647.38,2,3,2
15676,19,3,6871.52,3,3,4
15677,49,1,1314.46,3,1,2
15678,53,1,705.4,2,1,2
15679,24,4,1562.56,3,3,3
15680,9,3,2667.36,4,3,3
15681,25,5,2852.32,3,4,3
15683,117,1,387.5,2,1,1
15687,9,9,5986.2,4,4,4
15689,120,2,508.2,2,2,1
15690,4,2,479.52,4,2,1
15691,252,1,273.6,1,1,1
15692,28,1,382.08,3,1,1
15694,1,14,12958.8,4,4,4
15695,267,2,819.96,1,2,2
15696,33,8,5422.22,3,4,4
15699,18,1,619.3,4,1,2
15700,172,2,1393.36,1,2,3
15701,2,4,3058.0,4,3,3
15703,265,1,423.0,1,1,1
15704,140,4,4587.24,2,3,4
15705,201,1,286.2,1,1,1
15706,64,4,2121.12,2,3,3
15707,35,4,1833.96,3,3,3
15708,41,7,6470.5,3,4,4
15709,284,1,266.5,1,1,1
15712,9,5,2144.7200000000003,4,4,3
15713,143,2,713.4,1,2,2
15714,12,2,660.0600000000001,4,2,2
15716,146,4,2202.2200000000003,1,3,3
15717,234,1,300.6,1,1,1
15719,33,13,10060.14,3,4,4
15720,24,1,1197.46,3,1,2
15721,12,1,942.8000000000001,4,1,2
15722,36,5,4422.42,3,4,4
15723,365,1,381.4,1,1,1
15724,201,2,436.5,1,2,1
15725,15,1,830.5,4,1,2
15727,17,7,10318.12,4,4,4
15729,213,1,170.0,1,1,1
15730,66,3,2241.76,2,3,3
15732,212,2,588.24,1,2,1
15733,283,1,324.6,1,1,1
15734,115,2,2678.9,2,2,3
15737,15,8,2376.2400000000002,4,4,3
15738,19,16,9624.84,3,4,4
15739,66,1,898.24,2,1,2
15740,49,1,309.76,3,1,1
15743,16,4,1551.92,4,3,3
15744,78,1,69.6,2,1,1
15745,19,4,2189.18,3,3,3
15746,134,1,393.76,2,1,1
15747,13,3,1893.28,4,3,3
15748,40,1,288.72,3,1,1
15749,235,3,89068.6,1,3,4
15750,3,8,4926.1,4,4,4
15752,40,7,5253.2,3,4,4
15753,305,1,158.4,1,1,1
15754,51,3,917.14,3,3,2
15755,10,6,4728.5,4,4,4
15756,61,4,1056.02,2,3,2
15757,66,2,1428.84,2,2,3
15758,25,1,410.5,3,1,1
15759,218,3,506.08,1,3,1
15762,65,2,1167.5,2,2,2
15763,32,2,2173.84,3,2,3
15764,88,6,6559.94,2,4,4
15766,64,1,630.12,2,1,2
15768,116,3,1243.6599999999999,2,3,2
15769,7,26,112505.44,4,4,4
15773,6,1,1271.3600000000001,4,1,2
15774,69,1,541.6,2,1,1
15775,245,1,209.8,1,1,1
15776,133,1,483.24,2,1,1
15777,241,4,2094.22,1,3,3
15780,184,3,950.5600000000001,1,3,2
15781,25,3,690.92,3,3,2
15782,10,3,5229.4800000000005,4,3,4
15783,11,1,492.6,4,1,1
15785,33,5,4657.9400000000005,3,4,4
15786,46,3,9838.0,3,3,4
15787,26,3,1866.52,3,3,3
15789,358,1,702.6,1,1,2
15790,10,1,437.5,4,1,1
15791,44,2,3225.38,3,2,3
15793,15,3,1931.22,4,3,3
15795,150,1,1220.02,1,1,2
15796,1,8,5417.22,4,4,4
15797,113,4,4414.8,2,3,4
15799,76,3,1768.28,2,3,3
15800,107,2,1393.78,2,2,3
15801,46,3,2127.9,3,3,3
15802,143,1,902.84,1,1,2
15803,51,1,831.6400000000001,3,1,2
15804,1,13,8412.78,4,4,4
15805,23,17,10976.36,3,4,4
15806,46,3,1569.16,3,3,3
15807,50,3,1807.8,3,3,3
15808,306,4,7302.54,1,3,4
15809,36,5,1031.54,3,4,2
15810,79,4,2783.96,2,3,3
15811,22,6,4437.24,3,4,4
15812,107,5,3602.28,2,4,4
15813,208,2,2607.8199999999997,1,2,3
15814,17,4,3890.66,4,3,4
15815,64,5,4201.2,2,4,4
15819,49,4,3810.9,3,3,4
15820,320,1,413.96,1,1,1
15821,44,2,1141.92,3,2,2
15822,3,2,1770.94,4,2,3
15823,372,1,30.0,1,1,1
15825,172,1,1065.88,1,1,2
15826,56,3,3308.62,2,3,3
15827,73,14,3672.1800000000003,2,4,4
15829,99,2,1272.28,2,2,2
15830,38,1,1152.0,3,1,2
15831,58,3,1589.28,2,3,3
15832,254,1,1673.58,1,1,3
15834,70,4,4450.3,2,3,4
15835,44,4,1908.18,3,3,3
15836,50,1,274.74,3,1,1
15837,65,1,783.96,2,1,2
15838,11,19,67286.16,4,4,4
15839,33,3,2096.98,3,3,3
15840,59,2,711.12,2,2,2
15841,73,4,2448.12,2,3,3
15843,304,1,237.90000000000003,1,1,1
15844,46,1,261.47999999999996,3,1,1
15845,18,8,7423.54,4,4,4
15847,38,2,778.54,3,2,2
15850,19,2,469.76,3,2,1
15852,187,2,321.42,1,2,1
15853,52,1,221.6,2,1,1
15854,4,12,5938.24,4,4,4
15855,137,5,1424.48,2,4,3
15856,4,27,32287.28,4,4,4
15857,19,1,594.0,3,1,1
15858,16,5,2855.14,4,4,3
15860,41,8,1930.32,3,4,3
15861,12,8,6293.84,4,4,4
15862,8,4,1665.76,4,3,3
15863,26,2,137.68,3,2,1
15864,22,6,3872.6400000000003,3,4,4
15865,41,3,1790.26,3,3,3
15866,101,1,423.78,2,1,1
15867,5,15,7620.28,4,4,4
15869,277,2,299.28,1,2,1
15870,33,1,702.88,3,1,2
15872,15,2,632.5,4,2,2
15874,64,7,8811.76,2,4,4
15877,2,2,980.66,4,2,2
15880,369,1,658.0600000000001,1,1,2
15881,312,5,1002.7800000000001,1,4,2
15882,199,4,1032.72,1,3,2
15883,2,2,792.96,4,2,2
15885,93,3,758.7,2,3,2
15886,60,1,362.18,2,1,1
15888,81,1,336.62,2,1,1
15889,157,2,840.14,1,2,2
15891,227,1,1023.36,1,1,2
15894,253,2,516.5,1,2,1
15895,150,1,358.34,1,1,1
15897,194,2,417.18,1,2,1
15898,1,5,2767.66,4,4,3
15899,369,1,112.5,1,1,1
15900,24,1,674.56,3,1,2
15901,17,3,703.46,4,3,2
15903,10,7,10253.52,4,4,4
15904,8,1,329.36,4,1,1
15906,20,7,3135.38,3,4,3
15907,4,3,1765.44,4,3,3
15909,174,1,383.88,1,1,1
15910,1,8,2457.76,4,4,3
15912,178,2,529.24,1,2,1
15916,16,8,3005.7200000000003,4,4,3
15917,248,1,246.2,1,1,1
15918,191,2,668.46,1,2,2
15919,20,2,1051.38,3,2,2
15920,154,4,335.0,1,3,1
15921,173,1,646.0600000000001,1,1,2
15922,373,1,739.0,1,1,2
15923,373,1,254.16,1,1,1
15925,194,1,414.3,1,1,1
15930,67,1,853.26,2,1,2
15932,4,8,4991.74,4,4,4
15933,21,3,2214.92,3,3,3
15935,239,2,833.72,1,2,2
15937,64,1,290.7,2,1,1
15938,112,5,809.16,2,4,2
15939,90,15,12230.02,2,4,4
15940,311,1,71.6,1,1,1
15942,134,1,674.88,2,1,2
15944,277,1,650.2,1,1,2
15945,365,1,362.0,1,1,1
15947,83,1,3416.48,2,1,4
15948,8,2,1910.48,4,2,3
15949,17,2,729.44,4,2,2
15950,32,4,3489.42,3,3,4
15951,9,2,1416.44,4,2,3
15952,34,4,1563.82,3,3,3
15953,15,8,3314.56,4,4,3
15955,24,14,8832.52,3,4,4
15957,32,1,857.78,3,1,2
15958,74,1,208.7,2,1,1
15963,20,2,941.52,3,2,2
15965,17,4,1617.74,4,3,3
15967,23,2,795.36,3,2,2
15969,3,3,1332.2,4,3,2
15970,304,1,628.2,1,1,2
15971,18,12,8399.7,4,4,4
15973,367,1,615.64,1,1,2
15974,39,7,6884.3,3,4,4
15975,84,1,742.02,2,1,2
15976,165,2,855.28,1,2,2
15977,17,2,2109.46,4,2,3
15978,77,1,2197.56,2,1,3
15980,89,3,4797.72,2,3,4
15981,25,8,6816.96,3,4,4
15983,22,4,2930.24,3,3,3
15984,3,10,5561.26,4,4,4
15985,123,2,2284.84,2,2,3
15986,30,1,336.24,3,1,1
15987,12,7,2865.54,4,4,3
15988,19,1,313.56,3,1,1
15990,44,2,1584.22,3,2,3
15992,4,1,83.97999999999999,4,1,1
15993,9,7,5555.34,4,4,4
15994,55,1,828.54,2,1,2
15996,88,6,2065.16,2,4,3
15998,37,5,6160.44,3,4,4
16000,3,3,24787.4,4,3,4
16003,30,5,5470.74,3,4,4
16005,12,4,1157.42,4,3,2
16006,211,1,202.8,1,1,1
16007,48,4,3387.62,3,3,4
16008,24,3,957.56,3,3,2
16009,22,4,1944.22,3,3,3
16010,246,3,784.8,1,3,2
16011,8,16,6705.92,4,4,4
16012,35,3,2830.58,3,3,3
16013,4,47,74261.2,4,4,4
16014,38,3,1293.66,3,3,2
16015,4,3,1409.1,4,3,3
16016,3,8,2931.02,4,4,3
16017,47,1,423.76,3,1,1
16018,39,2,817.8000000000001,3,2,2
16019,47,9,7572.4800000000005,3,4,4
16020,17,3,1702.02,4,3,3
16022,260,1,1205.26,1,1,2
16023,46,3,1439.62,3,3,3
16024,12,1,502.06,4,1,1
16025,30,1,879.3199999999999,3,1,2
16026,43,1,472.18,3,1,1
16027,92,6,1869.24,2,4,3
16029,39,63,161701.68,3,4,4
16030,310,1,662.48,1,1,2
16031,92,2,1095.8,2,2,2
16033,6,20,17557.64,4,4,4
16034,196,3,875.4,1,3,2
16036,87,2,1517.84,2,2,3
16037,270,3,1710.04,1,3,3
16038,8,3,943.5600000000001,4,3,2
16040,65,3,2627.1,2,3,3
16041,31,3,6332.8,3,3,4
16042,22,5,2354.94,3,4,3
16043,38,4,1547.98,3,3,3
16045,120,4,2681.4,2,3,3
16048,373,2,512.88,1,2,1
16049,40,3,2149.62,3,3,3
16050,174,1,275.8,1,1,1
16052,54,1,724.12,2,1,2
16053,33,2,3023.9,3,2,3
16054,145,1,1567.8,1,1,3
16055,221,1,269.6,1,1,1
16056,45,1,1301.5,3,1,2
16057,16,7,4526.24,4,4,4
16059,66,6,2906.32,2,4,3
16062,10,4,2307.24,4,3,3
16063,260,1,670.64,1,1,2
16065,365,1,734.28,1,1,2
16066,17,5,3042.08,4,4,3
16070,22,2,1704.3,3,2,3
16071,45,1,652.48,3,1,2
16072,288,1,1168.6399999999999,1,1,2
16073,297,1,244.79999999999998,1,1,1
16076,3,10,4469.46,4,4,4
16078,284,1,158.4,1,1,1
16079,17,3,2704.0,4,3,3
16080,82,2,434.32,2,2,1
16081,56,5,5598.84,2,4,4
16083,101,2,2635.24,2,2,3
16084,299,1,872.36,1,1,2
16085,23,5,1963.02,3,4,3
16086,59,5,2242.78,2,4,3
16091,155,2,630.12,1,2,2
16092,115,3,1635.72,2,3,3
16093,107,1,34.0,2,1,1
16094,12,4,2156.46,4,3,3
16096,264,1,641.24,1,1,2
16097,240,1,370.09999999999997,1,1,1
16098,88,7,4011.26,2,4,4
16099,50,3,1463.8,3,3,3
16101,71,1,2581.4,2,1,3
16102,42,3,3684.28,3,3,4
16103,7,6,2859.28,4,4,3
16104,62,1,596.42,2,1,1
16105,249,1,673.92,1,1,2
16106,66,1,216.76,2,1,1
16107,18,7,6408.320000000001,4,4,4
16108,85,1,1685.0,2,1,3
16109,219,2,1223.76,1,2,2
16110,45,3,2641.9,3,3,3
16112,143,4,391.47999999999996,1,3,1
16113,183,1,322.76,1,1,1
16114,171,1,271.50000000000006,1,1,1
16115,10,8,3321.7599999999998,4,4,4
16116,212,1,1225.56,1,1,2
16117,190,1,464.42,1,1,1
16119,8,2,846.72,4,2,2
16120,59,4,2618.28,2,3,3
16121,57,2,1709.32,2,2,3
16122,73,4,1368.8400000000001,2,3,3
16123,52,1,615.56,2,1,2
16124,317,1,498.0,1,1,1
16125,367,1,578.7,1,1,1
16126,29,4,12575.54,3,3,4
16127,39,1,1312.5,3,1,2
16128,18,5,3760.44,4,4,4
16131,52,6,7013.08,2,4,4
16133,4,33,29178.08,4,4,4
16134,22,2,1236.18,3,2,2
16135,263,1,1035.1,1,1,2
16136,60,3,1418.76,2,3,3
16139,19,3,1270.82,3,3,2
16140,66,2,1450.36,2,2,3
16141,88,1,1240.8,2,1,2
16142,250,1,1070.68,1,1,2
16143,3,6,4849.88,4,4,4
16144,247,1,350.4,1,1,1
16145,9,11,7598.9800000000005,4,4,4
16146,157,3,1468.26,1,3,3
16147,134,1,750.0,2,1,2
16148,296,1,152.64000000000001,1,1,1
16149,5,2,561.04,4,2,1
16150,43,5,4106.04,3,4,4
16152,269,1,3658.08,1,1,4
16153,50,5,3648.46,3,4,4
16156,9,9,6184.08,4,4,4
16157,16,3,1313.38,4,3,2
16159,282,1,696.4,1,1,2
16160,65,2,2050.88,2,2,3
16161,2,19,11067.34,4,4,4
16162,252,1,74.8,1,1,1
16163,232,2,1713.2,1,2,3
16164,17,3,1644.96,4,3,3
16168,11,27,7575.2,4,4,4
16169,8,4,3645.94,4,3,4
16170,51,6,3770.1,3,4,4
16171,59,1,146.4,2,1,1
16172,95,5,2280.42,2,4,3
16173,16,6,2836.64,4,4,3
16174,126,3,2019.1000000000001,2,3,3
16175,94,4,2075.18,2,3,3
16177,50,1,663.9,3,1,2
16178,138,1,395.8,2,1,1
16179,61,1,431.66,2,1,1
16180,100,8,20508.36,2,4,4
16181,73,1,611.08,2,1,1
16182,72,4,13235.3,2,3,4
16183,67,1,677.4200000000001,2,1,2
16184,64,6,2317.58,2,4,3
16185,17,2,1058.82,4,2,2
16186,23,12,8013.88,3,4,4
16187,32,15,13822.880000000001,3,4,4
16188,45,4,1963.72,3,3,3
16189,16,2,430.96,4,2,1
16190,40,1,430.16,3,1,1
16191,3,13,10361.04,4,4,4
16193,237,1,628.9,1,1,2
16198,75,1,801.3620000000001,2,1,2
16200,4,2,2137.7400000000002,4,2,3
16201,3,4,3726.94,4,3,4
16202,361,1,730.54,1,1,2
16203,59,4,1185.8,2,3,2
16204,23,1,768.36,3,1,2
16205,31,4,1515.26,3,3,3
16206,55,4,1074.1200000000001,2,3,2
16207,25,1,788.76,3,1,2
16208,45,2,1328.52,3,2,2
16209,89,5,4525.24,2,4,4
16210,2,18,42172.6,4,4,4
16211,89,1,1094.04,2,1,2
16212,19,2,1380.68,3,2,3
16213,79,1,318.0,2,1,1
16214,171,3,2125.5,1,3,3
16215,81,1,484.7,2,1,1
16216,267,1,1829.8600000000001,1,1,3
16217,235,2,608.5,1,2,1
16218,30,7,6169.36,3,4,4
16221,37,3,1721.72,3,3,3
16222,318,1,1547.1000000000001,1,1,3
16224,57,4,2590.6,2,3,3
16225,45,5,2192.64,3,4,3
16226,203,3,510.24,1,3,1
16227,225,1,628.44,1,1,2
16229,87,2,2021.2,2,2,3
16230,190,2,1084.06,1,2,2
16232,44,4,1981.76,3,3,3
16233,71,3,1073.3600000000001,2,3,2
16235,41,5,1734.62,3,4,3
16236,78,1,864.4,2,1,2
16239,57,2,828.4,2,2,2
16240,24,2,7437.6,3,2,4
16241,10,13,5180.62,4,4,4
16242,8,7,7159.72,4,4,4
16243,34,2,818.2,3,2,2
16244,212,2,3045.5,1,2,3
16245,24,3,2827.32,3,3,3
16247,170,1,229.12,1,1,1
16248,62,1,305.88,2,1,1
16249,53,5,3600.14,2,4,4
16250,261,2,778.88,1,2,2
16253,67,2,7367.72,2,2,4
16255,17,8,5239.82,4,4,4
16256,267,1,1504.8600000000001,1,1,3
16257,177,1,93.9,1,1,1
16258,45,5,10407.02,3,4,4
16260,51,1,2070.9,3,1,3
16261,17,4,1457.08,4,3,3
16265,9,9,10894.0,4,4,4
16266,74,7,1723.78,2,4,3
16268,71,2,1335.3,2,2,2
16270,353,1,2282.48,1,1,3
16271,3,5,2809.28,4,4,3
16272,117,1,823.4,2,1,2
16274,373,1,703.5,1,1,2
16275,197,1,1119.74,1,1,2
16276,177,1,1621.2,1,1,3
16278,100,1,1132.76,2,1,2
16279,21,3,3005.56,3,3,3
16281,72,1,4124.12,2,1,4
16282,340,1,336.6,1,1,1
16283,6,5,3141.62,4,4,3
16284,31,2,1625.36,3,2,3
16287,170,1,285.0,1,1,1
16292,122,1,604.5,2,1,1
16293,22,10,4497.9800000000005,3,4,4
16295,10,4,2657.1,4,3,3
16297,269,1,603.8,1,1,1
16298,23,3,1196.4,3,3,2
16302,127,1,466.44,2,1,1
16303,26,3,10721.26,3,3,4
16305,139,1,722.4399999999999,2,1,2
16306,214,6,1264.54,1,4,2
16308,38,4,5120.0,3,3,4
16309,106,2,1413.14,2,2,3
16311,18,2,1232.52,4,2,2
16313,3,2,548.3000000000001,4,2,1
16315,331,1,452.74,1,1,1
16316,64,8,5877.82,2,4,4
16317,120,3,2683.3,2,3,3
16318,35,1,656.3,3,1,2
16319,218,1,808.8000000000001,1,1,2
16320,172,2,2076.92,1,2,3
16321,72,5,747.3000000000001,2,4,2
16322,1,2,653.5,4,2,2
16323,196,1,415.00000000000006,1,1,1
16324,128,3,817.1800000000001,2,3,2
16325,47,3,1188.48,3,3,2
16326,6,14,6078.4400000000005,4,4,4
16327,14,6,7640.54,4,4,4
16330,18,3,503.82,4,3,1
16332,28,7,3165.6,3,4,3
16333,8,22,53253.6,4,4,4
16337,37,1,302.1,3,1,1
16338,157,1,429.59999999999997,1,1,1
16339,284,1,188.1,1,1,1
16340,107,1,1068.62,2,1,2
16341,25,4,3943.74,3,3,4
16342,75,4,644.82,2,3,2
16343,16,2,657.16,4,2,2
16344,158,1,202.20000000000002,1,1,1
16345,44,1,1130.92,3,1,2
16347,11,2,1694.9,4,2,3
16348,32,7,2831.3,3,4,3
16349,291,1,107.0,1,1,1
16350,21,4,2232.94,3,3,3
16351,333,1,307.8,1,1,1
16352,18,2,988.88,4,2,2
16353,4,23,13351.42,4,4,4
16354,63,2,791.6,2,2,2
16356,198,3,423.54,1,3,1
16357,33,3,1317.76,3,3,2
16358,1,4,4055.0,4,3,4
16359,7,9,3501.84,4,4,4
16360,5,6,6900.82,4,4,4
16361,10,4,1782.42,4,3,3
16362,32,5,1419.98,3,4,3
16363,53,1,218.72000000000003,2,1,1
16364,12,2,1411.58,4,2,3
16365,18,9,3080.84,4,4,3
16366,19,1,654.6,3,1,2
16367,37,2,1601.34,3,2,3
16368,2,2,959.82,4,2,2
16369,18,3,3090.82,4,3,3
16370,82,4,2603.82,2,3,3
16372,33,2,711.46,3,2,2
16374,66,2,933.46,2,2,2
16376,9,2,1949.92,4,2,3
16377,267,1,1352.4,1,1,3
16378,247,3,725.9,1,3,2
16379,4,4,4314.8,4,3,4
16380,61,1,3486.2999999999997,2,1,4
16383,75,2,1287.52,2,2,2
16384,90,2,1169.0,2,2,2
16385,60,3,1109.72,2,3,2
16386,29,2,605.14,3,2,1
16387,323,1,188.72,1,1,1
16389,53,4,2764.14,2,3,3
16392,270,1,435.78,1,1,1
16393,2,13,6081.92,4,4,4
16394,57,5,3110.68,2,4,3
16395,61,5,2964.12,2,4,3
16398,154,2,3411.6,1,2,4
16399,19,2,816.04,3,2,2
16400,95,1,607.86,2,1,1
16401,1,12,8196.64,4,4,4
16402,265,2,586.9,1,2,1
16403,312,1,355.0,1,1,1
16404,70,1,886.1,2,1,2
16405,302,2,334.5,1,2,1
16406,19,1,308.7,3,1,1
16407,13,10,4159.36,4,4,4
16409,36,5,4045.96,3,4,4
16411,19,2,423.4,3,2,1
16412,54,1,271.98,2,1,1
16413,57,1,524.4,2,1,1
16414,22,2,252.5,3,2,1
16415,44,1,400.54,3,1,1
16416,27,3,2102.8,3,3,3
16418,45,3,1262.24,3,3,2
16419,113,6,1917.42,2,4,3
16422,17,51,69368.8,4,4,4
16423,25,1,692.24,3,1,2
16424,191,1,267.12,1,1,1
16425,302,1,605.4,1,1,1
16426,2,10,3727.52,4,4,4
16427,263,2,482.12,1,2,1
16429,106,1,569.1,2,1,1
16430,57,1,601.7,2,1,1
16431,213,3,1246.56,1,3,2
16432,64,1,574.8,2,1,1
16433,28,1,368.52,3,1,1
16434,29,7,3023.6,3,4,3
16438,6,5,1596.7,4,4,3
16440,8,5,7281.34,4,4,4
16441,67,2,762.4,2,2,2
16442,2,3,1218.6,4,3,2
16444,46,4,1309.34,3,3,2
16445,34,1,461.02,3,1,1
16446,1,2,336945.0,4,2,4
16447,136,1,511.82,2,1,1
16448,198,1,365.98,1,1,1
16449,198,2,1415.38,1,2,3
16450,150,1,623.84,1,1,2
16451,88,1,533.94,2,1,1
16454,45,2,13.8,3,2,1
16455,64,7,3682.36,2,4,4
16456,99,5,4316.36,2,4,4
16457,218,1,416.72,1,1,1
16458,3,18,6965.4800000000005,4,4,4
16460,28,3,1622.46,3,3,3
16461,178,1,285.84,1,1,1
16462,74,3,272.0,2,3,1
16463,21,4,2844.8,3,3,3
16464,20,3,2597.32,3,3,3
16466,34,7,3191.92,3,4,3
16468,74,1,149.8,2,1,1
16469,24,4,1250.84,3,3,2
16470,52,4,1505.54,2,3,3
16471,275,1,447.90000000000003,1,1,1
16473,165,3,632.22,1,3,2
16474,7,7,3621.3,4,4,4
16475,88,4,1088.6,2,3,2
16477,64,7,4988.92,2,4,4
16478,25,3,662.0,3,3,2
16479,10,2,601.66,4,2,1
16480,76,1,1538.58,2,1,3
16482,16,1,441.24,4,1,1
16483,192,1,278.7,1,1,1
16484,174,2,808.6,1,2,2
16485,77,1,727.3,2,1,2
16488,33,3,997.6,3,3,2
16491,47,1,1463.0,3,1,3
16493,80,4,2703.26,2,3,3
16494,297,1,1653.06,1,1,3
16495,3,3,1296.52,4,3,2
16496,9,3,3199.04,4,3,3
16497,50,6,5931.38,3,4,4
16498,161,2,201.94,1,2,1
16499,360,2,730.9,1,2,2
16500,5,6,801.72,4,4,2
16503,107,4,2863.86,2,3,3
16504,25,1,931.76,3,1,2
16505,32,1,1555.2,3,1,3
16506,20,2,180.60000000000002,3,2,1
16509,297,1,727.4,1,1,2
16510,372,1,496.2,1,1,1
16511,22,3,1836.66,3,3,3
16513,5,4,1749.18,4,3,3
16515,52,5,3248.28,2,4,3
16516,30,1,203.39999999999998,3,1,1
16517,277,1,325.4,1,1,1
16518,61,2,968.64,2,2,2
16519,25,2,430.15999999999997,3,2,1
16520,186,3,2093.14,1,3,3
16523,2,21,18836.940000000002,4,4,4
16525,2,26,26054.9,4,4,4
16526,172,1,580.72,1,1,1
16527,81,1,456.12,2,1,1
16528,4,1,488.82,4,1,1
16529,190,1,910.5,1,1,2
16531,22,7,2489.18,3,4,3
16532,18,3,13497.6,4,3,4
16533,19,3,2165.62,3,3,3
16535,5,1,1187.5,4,1,2
16536,110,1,1096.24,2,1,2
16539,3,4,2777.62,4,3,3
16542,54,1,239.24,2,1,1
16545,165,1,678.6,1,1,2
16546,291,2,1574.3,1,2,3
16549,10,10,8069.8,4,4,4
16550,109,5,4597.94,2,4,4
16551,96,3,1844.24,2,3,3
16552,243,2,759.46,1,2,2
16553,163,12,11439.64,1,4,4
16554,42,3,1674.2,3,3,3
16555,35,2,571.78,3,2,1
16556,67,7,6627.58,2,4,4
16557,24,2,563.7,3,2,1
16558,1,20,16676.98,4,4,4
16560,27,2,1682.82,3,2,3
16561,6,2,1022.24,4,2,2
16563,54,1,2155.48,2,1,3
16565,364,1,347.4,1,1,1
16566,15,5,1229.32,4,4,2
16567,194,2,1731.2,1,2,3
16569,3,1,248.4,4,1,1
16570,15,10,7476.8,4,4,4
16571,27,3,2843.38,3,3,3
16572,127,3,2019.2,2,3,3
16573,85,2,1327.22,2,2,2
16574,71,1,902.88,2,1,2
16581,183,1,211.68,1,1,1
16582,113,1,627.24,2,1,2
16583,374,1,466.9,1,1,1
16584,80,2,1872.16,2,2,3
16586,249,1,927.9,1,1,2
16587,232,1,450.3,1,1,1
16589,71,3,918.48,2,3,2
16591,69,1,427.0,2,1,1
16592,4,16,8227.36,4,4,4
16593,51,3,660.06,3,3,2
16594,75,1,362.18,2,1,1
16595,61,1,720.32,2,1,2
16596,16,2,500.3,4,2,1
16597,4,1,180.08,4,1,1
16598,286,1,290.09999999999997,1,1,1
16600,4,6,1627.04,4,4,3
16601,41,1,485.4,3,1,1
16602,36,1,1056.16,3,1,2
16603,75,2,964.94,2,2,2
16607,18,14,6695.42,4,4,4
16609,15,7,10986.92,4,4,4
16610,219,1,151.32,1,1,1
16611,186,1,258.98,1,1,1
16612,33,4,2375.32,3,3,3
16613,70,1,1237.18,2,1,2
16614,183,1,1012.38,1,2,2
16616,15,2,1000.84,4,2,2
16617,236,1,303.7,1,2,1
16618,31,5,5295.18,3,4,4
16619,264,1,452.42,1,2,1
16620,4,2,357.92,4,2,1
16621,52,4,1626.96,2,3,3
16623,246,1,258.90000000000003,1,2,1
16624,81,2,1621.1399999999999,2,2,3
16625,275,1,666.16,1,2,2
16626,1,17,8826.2,4,4,4
16627,79,1,645.6,2,2,2
16628,30,5,4376.1,3,4,4
16629,74,2,817.26,2,2,2
16633,17,6,5766.2,4,4,4
16634,223,2,435.8,1,2,1
16637,32,4,2308.94,3,3,3
16638,23,10,3361.44,3,4,4
16639,31,3,2515.02,3,3,3
16641,106,1,462.20000000000005,2,2,1
16642,5,2,1376.66,4,2,3
16643,246,1,975.02,1,2,2
16644,178,2,1667.56,1,2,3
16647,170,2,428.12,1,2,1
16648,43,1,581.3199999999999,3,2,1
16650,72,1,1036.84,2,2,2
16652,59,7,13547.94,2,4,4
16653,16,2,2425.32,4,2,3
16654,141,4,1202.54,2,3,2
16655,18,6,7579.04,4,4,4
16656,22,15,17251.6,3,4,4
16657,10,4,1748.86,4,3,3
16658,368,1,246.48,1,2,1
16659,189,1,78.24,1,2,1
16660,16,4,2535.2999999999997,4,3,3
16665,362,1,270.79999999999995,1,2,1
16666,19,1,237.96,3,2,1
16667,68,2,1134.3600000000001,2,2,2
16668,15,6,613.4399999999999,4,4,2
16669,24,3,2697.76,3,3,3
16670,17,11,8191.8,4,4,4
16671,28,3,3384.54,3,3,4
16672,2,20,16269.880000000001,4,4,4
16674,55,2,608.48,2,2,1
16676,34,4,3184.2400000000002,3,3,3
16678,3,12,6219.98,4,4,4
16679,366,1,259.5,1,2,1
16680,43,1,367.4,3,2,1
16681,73,6,3540.68,2,4,4
16682,5,5,2056.0,4,4,3
16684,4,28,133307.12,4,4,4
16685,61,2,648.48,2,2,2
16686,47,7,5919.76,3,4,4
16688,1,4,2521.72,4,3,3
16689,76,2,845.1999999999999,2,2,2
16690,72,2,451.15999999999997,2,2,1
16692,256,2,2552.0,1,2,3
16693,69,2,955.72,2,2,2
16696,135,4,1315.8000000000002,2,3,2
16697,241,1,225.5,1,2,1
16698,227,2,3996.0,1,2,4
16700,9,13,10153.1,4,4,4
16701,9,13,10796.6,4,4,4
16705,1,20,28069.98,4,4,4
16706,37,3,1062.7,3,3,2
16708,46,1,1313.26,3,2,2
16709,85,5,6059.74,2,4,4
16710,19,10,4935.98,3,4,4
16711,3,5,3302.06,4,4,3
16712,9,11,7222.62,4,4,4
16713,19,15,13821.56,3,4,4
16714,219,3,2258.12,1,3,3
16715,78,1,603.4399999999999,2,2,1
16716,267,2,1802.4,1,2,3
16717,24,6,7686.16,3,4,4
16718,369,1,1212.1000000000001,1,2,2
16719,15,7,3540.44,4,4,4
16720,26,1,305.9,3,2,1
16721,262,1,584.94,1,2,1
16722,17,13,9461.62,4,4,4
16723,91,2,1152.8,2,2,2
16725,302,7,1516.54,1,4,3
16726,26,5,2717.48,3,4,3
16727,364,1,512.64,1,2,1
16728,46,4,2096.56,3,3,3
16729,38,21,14410.66,3,4,4
16730,52,3,1486.22,2,3,3
16732,32,1,1207.5,3,2,2
16734,52,3,1293.52,2,3,2
16735,79,5,4494.82,2,4,4
16737,53,1,835.1999999999999,2,2,2
16738,298,1,7.5,1,2,1
16739,177,1,646.0,1,2,2
16742,47,1,929.8,3,2,2
16743,29,7,4426.26,3,4,4
16744,11,7,2583.82,4,4,3
16745,87,17,14361.4,2,4,4
16746,5,18,13360.22,4,4,4
16747,38,2,1672.12,3,2,3
16748,18,5,3031.8,4,4,3
16750,45,5,1247.86,3,4,2
16751,31,1,3529.44,3,2,4
16752,373,1,415.0,1,2,1
16753,58,1,447.84000000000003,2,2,1
16754,372,1,4004.8,1,2,4
16755,114,3,2950.86,2,3,3
16756,215,1,478.8,1,2,1
16757,319,1,213.66000000000003,1,2,1
16758,65,1,738.6800000000001,2,2,2
16759,8,3,1579.58,4,3,3
16761,97,1,633.24,2,2,2
16762,20,3,2414.48,3,3,3
16763,199,1,1223.7,1,2,2
16764,4,13,5581.900000000001,4,4,4
16765,294,1,68.0,1,2,1
16766,273,2,2291.2,1,2,3
16767,31,11,11151.12,3,4,4
16768,48,3,956.1800000000001,3,3,2
16769,260,1,723.08,1,2,2
16770,58,5,1514.2,2,4,3
16771,33,5,4485.22,3,4,4
16773,57,1,343.18,2,2,1
16774,68,4,1323.04,2,3,2
16775,10,11,3383.02,4,4,4
16776,60,1,743.08,2,2,2
16777,80,2,445.24,2,2,1
16778,74,2,491.88,2,2,1
16779,2,22,21223.440000000002,4,4,4
16780,100,2,844.48,2,2,2
16781,372,1,622.5,1,2,2
16782,10,13,4535.900000000001,4,4,4
16784,20,1,215.2,3,2,1
16788,123,2,1188.78,2,2,2
16789,8,1,161.6,4,2,1
16790,4,6,3091.2400000000002,4,4,3
16791,29,7,3411.56,3,4,4
16792,282,2,220.76000000000002,1,2,1
16793,57,1,487.68,2,2,1
16794,1,10,2393.0,4,4,3
16795,365,1,829.76,1,2,2
16796,89,1,611.24,2,2,1
16800,11,1,2325.3,4,2,3
16801,163,4,3188.46,1,3,3
16803,65,1,664.6,2,2,2
16804,23,3,1073.98,3,3,2
16805,174,2,921.18,1,2,2
16806,103,4,1524.32,2,3,3
16807,143,3,2243.18,1,3,3
16808,99,2,576.84,2,2,1
16809,23,5,1829.38,3,4,3
16810,192,1,619.08,1,2,2
16811,5,2,1094.14,4,2,2
16812,361,1,958.7,1,2,2
16813,8,10,3304.36,4,4,3
16814,14,21,12833.4,4,4,4
16816,103,4,834.12,2,3,2
16817,3,9,3209.5,4,4,3
16818,11,11,6699.14,4,4,4
16820,96,1,995.22,2,2,2
16823,227,1,716.76,1,2,2
16824,16,2,921.28,4,2,2
16825,39,2,1550.3600000000001,3,2,3
16826,51,1,683.4,3,2,2
16828,93,2,257.0,2,2,1
16829,157,1,394.44,1,2,1
16830,39,1,651.82,3,2,2
16832,184,3,398.3,1,3,1
16833,1,4,2213.06,4,3,3
16834,228,1,826.92,1,2,2
16835,128,2,361.7,2,2,1
16836,40,2,503.74,3,2,1
16837,31,11,6341.96,3,4,4
16838,197,2,1177.7,1,2,2
16839,9,34,33188.7,4,4,4
16841,37,6,3739.64,3,4,4
16842,101,3,2528.38,2,3,3
16843,43,16,20393.14,3,4,4
16846,50,1,428.64,3,2,1
16847,43,1,386.88,3,2,1
16848,53,1,562.84,2,2,1
16849,187,1,249.14,1,2,1
16850,334,1,664.82,1,2,2
16851,4,3,684.9,4,3,2
16852,10,2,289.82000000000005,4,2,1
16855,24,2,656.8,3,2,2
16856,15,1,70.80000000000001,4,2,1
16858,369,1,751.3800000000001,1,2,2
16859,145,2,1495.62,1,2,3
16861,60,2,347.52,2,2,1
16863,31,2,1005.6,3,2,2
16866,141,3,415.47999999999996,2,3,1
16869,23,4,1634.24,3,3,3
16871,22,6,5624.68,3,4,4
16872,77,3,1360.04,2,3,3
16873,5,6,14247.24,4,4,4
16875,67,5,4191.06,2,4,4
16877,12,6,1693.24,4,4,3
16878,84,1,26.6,2,2,1
16880,31,7,2982.86,3,4,3
16881,67,1,864.0,2,2,2
16882,67,3,1410.24,2,3,3
16883,187,2,544.96,1,2,1
16884,38,2,859.6800000000001,3,2,2
16885,15,3,900.82,4,3,2
16887,35,1,384.65999999999997,3,2,1
16889,195,3,3157.34,1,3,3
16891,2,5,1484.86,4,4,3
16892,1,5,1036.38,4,4,2
16893,367,1,291.86,1,2,1
16895,65,1,404.54,2,2,1
16897,299,2,579.56,1,2,1
16898,26,3,1002.06,3,3,2
16899,8,6,2542.12,4,4,3
16900,17,3,1774.22,4,3,3
16902,116,1,3413.76,2,2,4
16903,29,1,726.4,3,2,2
16904,4,16,7307.5,4,4,4
16905,5,7,6075.2,4,4,4
16906,82,4,1119.18,2,3,2
16907,29,5,1857.52,3,4,3
16909,72,1,758.28,2,2,2
16910,4,8,3017.92,4,4,3
16912,29,11,5111.16,3,4,4
16913,290,1,226.88,1,2,1
16914,36,1,367.52,3,2,1
16915,9,6,1243.3600000000001,4,4,2
16916,24,2,1124.82,3,2,2
16917,277,1,783.04,1,2,2
16918,50,6,2137.64,3,4,3
16919,156,11,5184.5,1,4,4
16921,61,1,308.36,2,2,1
16923,12,19,14138.16,4,4,4
16924,21,3,1659.78,3,3,3
16926,371,1,460.5,1,2,1
16927,116,3,1086.1,2,3,2
16928,80,17,5629.4,2,4,4
16929,4,7,2590.78,4,4,3
16930,26,3,757.78,3,3,2
16931,5,21,9109.74,4,4,4
16932,53,1,300.46000000000004,2,2,1
16933,1,2,1126.46,4,2,2
16934,55,2,1862.06,2,2,3
16936,26,1,523.8,3,2,1
16938,9,4,5423.360000000001,4,3,4
16940,52,3,6099.76,2,3,4
16942,13,9,3809.98,4,4,4
16943,212,3,1633.46,1,3,3
16945,22,19,8691.0,3,4,4
16947,236,1,812.96,1,2,2
16948,139,3,870.04,2,3,2
16949,4,6,2572.54,4,4,3
16950,57,3,2357.12,2,3,3
16951,135,3,2555.5,2,3,3
16952,109,2,335.22,2,2,1
16953,30,1,41.6,3,2,1
16954,1,9,4170.16,4,4,4
16955,185,4,1037.34,1,3,2
16956,18,1,617.48,4,2,2
16957,239,2,833.28,1,2,2
16959,87,1,234.70000000000002,2,2,1
16960,39,3,1014.1,3,3,2
16961,116,1,468.34,2,2,1
16963,187,1,221.10000000000002,1,2,1
16965,227,1,402.38,1,2,1
16966,8,7,4309.94,4,4,4
16967,189,1,638.04,1,2,2
16968,4,2,878.86,4,2,2
16969,39,3,1300.82,3,3,2
16971,38,1,714.42,3,2,2
16976,267,1,503.03999999999996,1,2,1
16978,78,1,688.66,2,2,2
16979,4,6,3704.0,4,4,4
16980,255,2,2056.92,1,2,3
16982,61,1,768.12,2,2,2
16983,13,7,3811.74,4,4,4
16984,88,2,8919.04,2,2,4
16985,17,10,10928.24,4,4,4
16986,30,2,3746.4,3,2,4
16987,3,7,3233.6,4,4,3
16988,5,1,252.24,4,2,1
16989,7,6,2266.5,4,4,3
16990,219,1,358.0,1,2,1
16992,11,5,3228.62,4,4,3
16996,30,6,2913.92,3,4,3
16997,288,3,1404.0,1,3,3
16998,150,4,590.0,1,3,1
16999,23,2,969.64,3,2,2
17001,1,11,7979.14,4,4,4
17002,86,3,2987.46,2,3,3
17004,46,2,2624.2799999999997,3,2,3
17006,5,4,1563.56,4,3,3
17007,51,6,1779.8600000000001,3,4,3
17010,18,1,390.72,4,2,1
17011,30,1,541.8,3,2,1
17014,8,3,1166.8600000000001,4,3,2
17015,29,3,3677.2200000000003,3,3,4
17017,3,20,17388.52,4,4,4
17018,41,2,1840.2,3,2,3
17019,11,4,2516.16,4,3,3
17022,31,1,142.0,3,2,1
17024,45,3,191.7,3,3,1
17025,61,3,715.54,2,3,2
17026,185,2,309.65999999999997,1,2,1
17027,79,6,1755.1200000000001,2,4,3
17029,111,2,1432.0,2,2,3
17030,64,1,293.74,2,2,1
17031,12,2,760.7,4,2,2
17033,86,3,2060.28,2,3,3
17034,16,3,1491.04,4,3,3
17035,246,2,867.0600000000001,1,2,2
17037,88,1,2534.64,2,2,3
17038,30,1,224.8,3,2,1
17040,138,1,899.46,2,2,2
17041,27,3,2142.98,3,3,3
17042,3,5,2073.16,4,4,3
17043,32,4,3470.36,3,3,4
17044,25,1,1896.96,3,2,3
17045,113,3,678.88,2,3,2
17046,157,1,1284.04,1,2,2
17047,85,3,2201.8,2,3,3
17048,118,3,1850.7,2,3,3
17049,3,9,11310.06,4,4,4
17050,96,6,6371.28,2,4,4
17051,194,1,481.78000000000003,1,2,1
17052,28,1,798.18,3,2,2
17053,131,1,996.96,2,2,2
17054,28,5,2712.66,3,4,3
17058,82,3,2359.78,2,3,3
17059,30,5,6160.78,3,4,4
17060,266,1,468.48,1,2,1
17061,74,11,10464.460000000001,2,4,4
17062,314,4,1066.66,1,3,2
17063,21,7,2922.28,3,4,3
17064,59,3,1710.9,2,3,3
17068,12,21,9104.28,4,4,4
17069,28,9,5419.400000000001,3,4,4
17070,114,1,608.48,2,2,1
17071,28,9,4858.06,3,4,4
17073,18,4,2892.18,4,3,3
17075,18,4,1668.24,4,3,3
17076,36,3,1682.1599999999999,3,3,3
17078,36,2,756.4,3,2,2
17079,78,1,237.60000000000002,2,2,1
17080,22,2,575.24,3,2,1
17081,25,2,577.82,3,2,1
17082,33,2,4007.7,3,2,4
17083,109,3,2811.56,2,3,3
17084,35,2,5495.9800000000005,3,2,4
17085,123,5,3124.8,2,4,3
17086,7,6,4100.16,4,4,4
17088,28,4,3982.02,3,3,4
17090,4,7,3949.3,4,4,4
17091,3,9,7655.52,4,4,4
17092,50,4,3548.06,3,3,4
17094,322,1,604.0,1,2,1
17095,23,3,2648.32,3,3,3
17096,15,4,2044.26,4,3,3
17097,2,8,1908.84,4,4,3
17100,18,2,1943.48,4,2,3
17101,10,4,3243.46,4,3,3
17102,262,1,51.0,1,2,1
17105,159,2,1331.56,1,2,2
17107,33,6,21594.96,3,4,4
17109,29,6,1762.58,3,4,3
17110,165,1,326.59999999999997,1,2,1
17111,47,1,463.22,3,2,1
17114,6,8,1602.24,4,4,3
17115,8,3,1675.0,4,3,3
17117,288,1,232.39999999999998,1,2,1
17118,318,1,314.04,1,2,1
17119,3,2,1213.82,4,2,2
17120,233,1,614.92,1,2,2
17122,119,1,276.64,2,2,1
17123,162,1,690.5999999999999,1,2,2
17124,185,1,588.48,1,2,1
17125,50,1,461.0,3,2,1
17126,152,5,1978.9,1,4,3
17128,335,1,314.18,1,2,1
17131,5,5,4926.34,4,4,4
17133,16,7,9784.480000000001,4,4,4
17134,107,2,826.4,2,2,2
17135,16,7,2279.46,4,4,3
17138,276,1,761.0,1,2,2
17139,16,12,21301.54,4,4,4
17140,247,1,908.24,1,2,2
17142,239,1,1158.0,1,2,2
17144,1,2,1969.14,4,2,3
17146,106,3,1499.56,2,3,3
17147,23,4,3429.18,3,3,4
17148,52,1,249.76,2,2,1
17152,195,3,3379.0,1,3,4
17153,24,1,427.56,3,2,1
17154,75,1,658.68,2,2,2
17155,18,2,503.4,4,2,1
17157,8,2,638.0,4,2,2
17158,32,3,2533.94,3,3,3
17159,22,3,3077.76,3,3,3
17160,31,6,7036.06,3,4,4
17162,29,10,3430.92,3,4,4
17163,22,2,586.2,3,2,1
17164,33,7,4934.7,3,4,4
17165,284,1,317.36,1,2,1
17166,39,2,412.68,3,2,1
17169,58,2,1671.56,2,2,3
17171,289,1,449.82,1,2,1
17172,79,1,635.52,2,2,2
17173,5,8,7533.2,4,4,4
17174,218,1,119.8,1,2,1
17175,44,4,2887.38,3,3,3
17176,202,1,612.26,1,2,1
17179,178,3,1423.58,1,3,3
17180,56,4,1567.94,2,3,3
17181,57,2,479.84000000000003,2,2,1
17183,8,6,6694.62,4,4,4
17186,47,2,288.0,3,2,1
17187,227,1,407.9,1,2,1
17188,11,7,4948.46,4,4,4
17189,106,2,767.5,2,2,2
17190,59,2,889.48,2,3,2
17191,28,7,4187.36,3,4,4
17193,36,7,3398.6000000000004,3,4,4
17194,274,2,525.24,1,3,1
17197,30,1,2026.02,3,2,3
17198,24,3,1384.44,3,3,3
17201,54,1,579.56,2,2,1
17203,36,6,7120.16,3,4,4
17204,175,4,3129.12,1,3,3
17205,54,1,768.16,2,2,2
17206,53,1,408.48,2,2,1
17211,27,8,4634.4400000000005,3,4,4
17212,253,1,453.7,1,2,1
17213,40,7,5562.46,3,4,4
17214,60,6,2118.2400000000002,2,4,3
17217,234,1,227.0,1,2,1
17218,4,10,3903.94,4,4,4
17219,32,1,228.46,3,2,1
17220,24,14,6375.1,3,4,4
17221,7,2,668.96,4,3,2
17222,65,1,657.3,2,2,2
17223,310,2,833.78,1,3,2
17226,309,1,786.98,1,2,2
17227,19,6,1878.64,3,4,3
17228,16,8,3812.18,4,4,4
17229,96,2,637.52,2,3,2
17230,264,8,7276.82,1,4,4
17231,12,10,6249.44,4,4,4
17232,3,2,835.54,4,3,2
17233,35,1,381.76,3,2,1
17234,183,1,299.78000000000003,1,2,1
17235,25,2,1100.12,3,3,2
17236,13,6,1832.26,4,4,3
17237,11,2,629.38,4,3,2
17238,3,17,7438.2,4,4,4
17239,313,1,765.0,1,2,2
17242,108,2,2270.08,2,3,3
17243,1,26,17080.1,4,4,4
17244,53,1,1909.8,2,2,3
17245,205,1,342.9,1,2,1
17247,15,1,560.1800000000001,4,2,1
17248,120,1,637.3,2,2,2
17250,4,2,763.94,4,3,2
17251,363,1,539.66,1,2,1
17252,117,2,697.82,2,3,2
17253,18,1,356.52,4,2,1
17254,5,2,542.38,4,3,1
17255,41,2,582.96,3,3,1
17256,107,2,480.0,2,3,1
17259,148,2,1162.46,1,3,2
17262,52,5,2506.7200000000003,2,4,3
17263,208,1,126.88000000000001,1,2,1
17265,139,2,1100.02,2,3,2
17266,2,3,593.16,4,3,1
17267,127,2,634.4,2,3,2
17268,108,4,1527.28,2,3,3
17272,42,4,4297.26,3,3,4
17274,35,1,215.64,3,2,1
17277,228,2,2130.7000000000003,1,3,3
17278,241,1,492.08,1,2,1
17279,58,1,375.65999999999997,2,2,1
17282,130,3,3370.92,2,3,4
17284,60,6,3294.96,2,4,3
17286,22,1,302.74,3,2,1
17287,26,7,2098.12,3,4,3
17288,9,7,2835.26,4,4,3
17289,32,3,1862.04,3,3,3
17290,4,2,1026.02,4,3,2
17291,308,1,1101.6000000000001,1,2,2
17293,8,9,3708.12,4,4,4
17295,29,3,1094.0,3,3,2
17297,17,1,256.36,4,2,1
17298,101,2,996.84,2,3,2
17299,12,4,1313.22,4,3,2
17301,21,1,326.48,3,2,1
17302,15,5,2271.26,4,4,3
17303,361,1,500.08,1,2,1
17306,11,19,17262.62,4,4,4
17309,95,1,165.5,2,2,1
17311,78,2,2769.7,2,3,3
17312,139,3,1288.6,2,3,2
17313,31,1,4657.68,3,2,4
17314,25,8,5055.84,3,4,4
17315,2,38,12562.46,4,4,4
17317,46,3,5200.68,3,3,4
17320,100,3,2401.2400000000002,2,3,3
17321,8,2,1314.32,4,3,2
17323,15,7,1813.04,4,4,3
17324,18,4,1972.96,4,3,3
17325,280,1,193.6,1,2,1
17329,14,2,1046.22,4,3,2
17330,23,2,727.8,3,3,2
17331,124,1,350.4,2,2,1
17333,86,1,988.5,2,2,2
17334,302,2,614.04,1,3,2
17337,151,4,3962.12,1,3,4
17338,17,8,12987.08,4,4,4
17339,94,2,486.72,2,3,1
17340,30,11,24706.58,3,4,4
17341,157,3,1364.58,1,3,3
17343,355,1,387.28,1,2,1
17344,46,1,315.24,3,2,1
17345,15,4,1039.3799999999999,4,3,2
17346,4,15,5245.76,4,4,4
17347,86,1,457.92,2,2,1
17348,15,5,2313.2,4,4,3
17349,179,1,196.5,1,2,1
17350,8,4,2562.64,4,3,3
17351,36,3,1174.3,3,3,2
17353,129,2,3480.0,2,3,4
17354,51,1,2786.12,3,2,3
17356,312,1,356.44,1,2,1
17357,24,2,768.78,3,3,2
17358,303,2,721.62,1,3,2
17359,11,1,255.72,4,2,1
17360,17,3,1136.48,4,3,2
17361,49,3,976.4,3,3,2
17362,239,2,624.46,1,3,2
17364,1,11,8925.36,4,4,4
17365,13,8,9534.72,4,4,4
17367,238,1,335.1,1,2,1
17368,23,8,3757.74,3,4,4
17370,73,4,892.36,2,3,2
17371,17,3,836.8,4,3,2
17372,41,8,2674.36,3,4,3
17373,40,4,1293.84,3,3,2
17374,219,2,991.54,1,3,2
17375,199,3,800.2,1,3,2
17376,71,2,406.4,2,3,1
17377,24,20,8116.64,3,4,4
17379,11,1,779.4399999999999,4,2,2
17381,9,29,40551.22,4,4,4
17382,65,1,130.8,2,2,1
17383,4,1,386.78000000000003,4,2,1
17384,19,2,672.8,3,3,2
17385,15,1,512.22,4,2,1
17386,8,6,5372.84,4,4,4
17387,20,2,1493.62,3,3,3
17388,78,4,2519.12,2,3,3
17389,1,34,63667.36,4,4,4
17391,164,2,1017.6,1,3,2
17392,307,2,834.54,1,3,2
17394,219,1,407.73999999999995,1,2,1
17396,39,8,14661.6,3,4,4
17397,22,2,1362.82,3,3,3
17398,115,3,1306.76,2,3,2
17400,126,5,4195.68,2,4,4
17402,5,13,5267.7,4,4,4
17403,36,1,527.84,3,2,1
17404,4,15,63813.64,4,4,4
17405,1,3,2062.82,4,3,3
17406,333,3,4368.84,1,3,4
17408,163,1,65.3,1,2,1
17409,185,2,1543.7,1,3,3
17410,16,5,2429.44,4,4,3
17411,12,3,1557.88,4,3,3
17412,3,7,2516.12,4,4,3
17414,44,2,1556.0,3,3,3
17415,80,1,1015.68,2,2,2
17416,30,7,13786.84,3,4,4
17418,42,2,926.9200000000001,3,3,2
17419,11,12,8453.14,4,4,4
17420,50,3,1197.66,3,3,2
17422,16,6,3958.74,4,4,4
17423,46,2,1396.82,3,3,3
17425,19,2,1518.34,3,3,3
17426,8,6,10074.52,4,4,4
17427,72,1,201.6,2,2,1
17428,1,28,34513.7,4,4,4
17429,128,3,1049.8400000000001,2,3,2
17430,33,2,531.52,3,3,1
17431,313,1,806.6,1,2,2
17432,18,2,731.52,4,3,2
17433,88,1,606.3199999999999,2,2,1
17434,2,7,4747.64,4,4,4
17436,2,2,432.59999999999997,4,3,1
17438,254,1,776.9000000000001,1,2,2
17440,157,3,372.84000000000003,1,3,1
17442,37,6,4497.12,3,4,4
17443,220,1,1068.48,1,2,2
17444,148,3,5880.08,1,3,4
17446,177,2,241.8,1,3,1
17447,40,2,1083.06,3,3,2
17449,2,7,5038.42,4,4,4
17450,8,46,388781.58,4,4,4
17451,1,7,3442.8,4,4,4
17453,18,2,973.4399999999999,4,3,2
17454,192,4,1035.06,1,3,2
17455,204,1,263.4,1,2,1
17456,365,1,499.72,1,2,1
17457,127,5,3475.4,2,4,4
17458,15,1,633.0,4,2,2
17459,43,2,1314.6,3,3,2
17460,94,6,1244.8600000000001,2,4,2
17461,23,3,1471.64,3,3,3
17462,60,2,1351.38,2,3,3
17463,16,5,3751.72,4,4,4
17464,158,1,579.9200000000001,1,2,1
17466,10,2,1526.56,4,3,3
17468,10,2,274.0,4,3,1
17469,16,5,3741.94,4,4,4
17470,45,5,2250.14,3,4,3
17472,191,3,1395.08,1,3,3
17475,79,1,388.74,2,2,1
17480,78,1,1023.64,2,2,2
17481,4,4,2511.18,4,3,3
17483,65,3,828.08,2,3,2
17486,261,1,793.74,1,2,2
17489,59,2,753.28,2,3,2
17490,1,7,4184.64,4,4,4
17491,1,10,7117.74,4,4,4
17492,248,1,749.14,1,2,2
17495,8,2,995.12,4,3,2
17496,359,1,542.1,1,2,1
17498,76,1,544.44,2,2,1
17499,290,1,1245.76,1,2,2
17500,17,3,2276.0,4,3,3
17501,221,2,577.2,1,3,1
17502,9,4,1378.2,4,3,3
17503,3,2,1117.92,4,3,2
17504,206,9,5994.0599999999995,1,4,4
17505,162,2,2291.68,1,3,3
17506,76,1,604.4,2,2,1
17507,262,2,1211.16,1,3,2
17508,281,1,774.62,1,2,2
17509,58,8,12167.28,2,4,4
17510,25,1,616.96,3,2,2
17511,3,31,182124.76,4,4,4
17512,29,10,5849.9800000000005,3,4,4
17513,72,1,1026.4,2,2,2
17514,128,1,417.3,2,2,1
17515,31,4,1278.04,3,3,2
17516,15,5,1529.76,4,4,3
17517,309,1,307.88,1,2,1
17519,17,6,3688.04,4,4,4
17520,54,1,1093.62,2,2,2
17521,30,3,1446.4199999999998,3,3,3
17522,2,5,2141.42,4,4,3
17523,11,4,1305.48,4,3,2
17524,361,1,290.0,1,2,1
17525,360,1,845.4000000000001,1,2,2
17526,5,4,2391.7999999999997,4,3,3
17527,54,4,1878.74,2,3,3
17528,1,8,7257.0,4,4,4
17530,1,10,4734.24,4,4,4
17531,190,1,593.4,1,2,1
17534,54,1,446.72,2,2,1
17535,280,1,328.8,1,2,1
17536,177,1,153.0,1,2,1
17537,30,2,1775.34,3,3,3
17538,26,1,196.84,3,2,1
17540,25,2,1157.8,3,3,2
17542,270,1,341.5,1,2,1
17545,43,3,1284.64,3,3,2
17548,234,1,206.6,1,2,1
17549,24,2,297.72,3,3,1
17550,197,3,534.32,1,3,1
17551,359,1,580.68,1,2,1
17552,60,4,1860.82,2,3,3
17553,130,1,2975.2,2,2,3
17554,1,5,3904.9,4,4,4
17555,20,2,960.62,3,3,2
17556,206,1,315.8,1,2,1
17557,14,3,1082.92,4,3,2
17560,95,4,1709.9,2,3,3
17561,19,1,330.24,3,2,1
17562,14,7,2244.76,4,4,3
17564,24,3,908.02,3,3,2
17566,8,2,1739.54,4,3,3
17567,7,8,8662.96,4,4,4
17569,332,1,688.28,1,2,2
17571,50,4,2851.34,3,3,3
17572,71,4,453.50000000000006,2,3,1
17573,29,3,761.2,3,3,2
17574,243,1,371.3,1,2,1
17576,8,19,7129.66,4,4,4
17578,218,1,286.91999999999996,1,2,1
17579,5,3,897.8000000000001,4,3,2
17580,253,3,431.44,1,3,1
17581,1,25,22050.48,4,4,4
17582,236,1,350.54,1,2,1
17584,7,2,2484.6,4,3,3
17585,109,4,2233.36,2,3,3
17588,100,3,2480.4,2,3,3
17589,60,4,4808.34,2,3,4
17590,2,3,2936.04,4,3,3
17591,73,7,4407.34,2,4,4
17593,4,5,7847.72,4,4,4
17594,85,2,1986.36,2,3,3
17595,12,2,773.38,4,3,2
17596,23,7,5613.38,3,4,4
17597,214,1,4088.7400000000002,1,2,4
17600,18,1,323.34000000000003,4,2,1
17601,239,1,232.01999999999998,1,2,1
17602,2,6,10108.84,4,4,4
17603,78,1,789.44,2,2,2
17604,217,2,618.72,1,3,2
17608,33,2,383.98,3,3,1
17609,41,5,2211.56,3,4,3
17611,7,15,7922.24,4,4,4
17612,53,6,4096.9,2,4,4
17613,23,14,9089.1,3,4,4
17614,57,1,772.64,2,2,2
17615,130,3,659.2,2,3,2
17616,174,3,1142.3999999999999,1,3,2
17618,6,3,1860.56,4,3,3
17619,312,1,428.74,1,2,1
17620,60,1,162.88,2,2,1
17621,21,3,2759.8,3,3,3
17623,33,1,1054.1000000000001,3,2,2
17624,15,2,1686.96,4,3,3
17625,18,4,4040.8,4,3,4
17628,81,1,151.5,2,2,1
17629,6,8,3628.24,4,4,4
17630,170,2,1007.1999999999999,1,3,2
17631,2,3,1056.66,4,3,2
17633,31,4,2649.68,3,3,3
17634,36,9,4717.18,3,4,4
17636,19,1,571.12,3,2,1
17637,31,2,1094.1200000000001,3,3,2
17639,276,1,217.0,1,2,1
17640,87,1,1243.32,2,2,2
17642,120,2,1424.58,2,3,3
17643,373,1,203.1,1,2,1
17644,1,11,5791.28,4,4,4
17646,219,3,2016.78,1,3,3
17647,65,1,266.12,2,2,1
17648,61,4,3595.0,2,3,4
17649,138,1,1736.98,2,2,3
17650,21,1,332.16,3,2,1
17651,12,10,7890.0,4,4,4
17652,25,12,9735.44,3,4,4
17653,37,4,2415.12,3,3,3
17654,277,1,235.1,1,2,1
17655,11,7,5277.88,4,4,4
17656,73,5,3349.38,2,4,4
17658,26,2,1190.84,3,3,2
17659,17,12,5998.92,4,4,4
17660,141,1,357.5,2,2,1
17663,26,7,3605.82,3,4,4
17664,19,2,1209.28,3,3,2
17666,4,2,1456.32,4,3,3
17667,66,5,4111.02,2,4,4
17668,1,2,695.5,4,3,2
17669,43,7,6813.4400000000005,3,4,4
17670,228,1,411.4,1,2,1
17671,16,4,3145.42,4,3,3
17672,50,2,6356.34,3,3,4
17673,2,6,3189.94,4,4,3
17674,74,2,1102.08,2,3,2
17675,1,31,40748.56,4,4,4
17676,4,6,2742.36,4,4,3
17677,2,30,32690.76,4,4,4
17678,264,1,596.22,1,2,1
17679,53,2,3984.2200000000003,2,3,4
17680,24,1,368.8,3,2,1
17682,10,6,4948.66,4,4,4
17684,44,1,478.82,3,2,1
17685,17,7,6311.66,4,4,4
17686,7,7,11478.92,4,4,4
17690,30,15,9453.6,3,4,4
17691,358,2,580.8000000000001,1,3,1
17692,127,4,1481.8799999999999,2,3,3
17693,137,1,400.94,2,2,1
17694,142,1,566.24,2,2,1
17695,132,2,1530.68,2,3,3
17696,38,8,4571.42,3,4,4
17697,236,1,677.9,1,2,2
17698,261,1,309.9,1,2,1
17700,17,4,5069.28,4,3,4
17701,253,1,835.9,1,2,2
17702,30,4,3648.74,3,3,4
17703,35,3,1597.48,3,3,3
17704,169,2,1770.38,1,3,3
17705,3,9,3647.04,4,4,4
17706,4,17,21008.98,4,4,4
17707,185,2,304.8,1,3,1
17708,188,2,526.66,1,3,1
17709,170,1,274.9,1,2,1
17711,11,2,770.2,4,3,2
17712,45,1,1045.82,3,2,2
17714,321,1,306.0,1,2,1
17715,201,1,652.8,1,2,2
17716,23,11,11311.98,3,4,4
17718,232,1,278.7,1,2,1
17719,38,15,10792.08,3,4,4
17720,26,4,2391.88,3,3,3
17722,96,4,4848.08,2,3,4
17723,127,6,6552.800000000001,2,4,4
17724,71,3,2066.0,2,3,3
17725,16,11,6878.16,4,4,4
17727,15,1,2120.5,4,2,3
17728,4,3,5752.02,4,3,4
17730,3,13,10596.960000000001,4,4,4
17731,79,4,2480.22,2,3,3
17732,373,1,607.94,1,2,1
17733,39,2,1384.38,3,3,3
17734,54,3,1401.26,2,3,3
17735,2,19,26220.04,4,4,4
17736,9,3,754.88,4,3,2
17737,9,2,336.48,4,3,1
17738,19,4,3758.1,3,3,4
17739,12,7,5582.7,4,4,4
17742,113,2,710.22,2,3,2
17744,4,6,4644.8,4,4,4
17746,240,1,220.5,1,2,1
17747,113,1,142.8,2,2,1
17749,178,2,1349.04,1,3,3
17750,5,9,3420.9,4,4,4
17752,359,1,161.28,1,2,1
17754,1,5,3329.3,4,4,4
17757,1,30,11186.78,4,4,4
17758,19,8,6816.400000000001,3,4,4
17759,17,3,1639.92,4,3,3
17760,22,2,575.18,3,3,1
17761,33,1,1425.56,3,2,3
17763,263,1,30.0,1,2,1
17764,51,2,1545.1,3,3,3
17765,159,3,735.26,1,3,2
17767,15,1,542.4,4,2,1
17768,8,3,4163.8,4,3,4
17769,13,10,7914.86,4,4,4
17770,199,5,2286.54,1,4,3
17771,57,2,491.62,2,3,1
17772,11,2,346.9,4,3,1
17774,97,4,2427.46,2,3,3
17775,255,1,112.8,1,2,1
17777,25,3,1295.12,3,3,2
17779,21,3,1300.64,3,3,2
17781,159,2,376.04,1,3,1
17783,72,2,566.94,2,3,1
17785,53,1,263.88,2,2,1
17786,85,2,533.7,2,3,1
17787,153,4,3635.08,1,3,4
17788,74,2,2235.8,2,3,3
17789,281,1,451.8,1,2,1
17790,27,14,3928.6,3,4,4
17791,30,1,212.2,3,2,1
17793,25,1,600.68,3,2,1
17795,180,2,685.66,1,3,2
17796,40,4,1380.0,3,3,3
17797,22,3,1560.86,3,3,3
17799,22,10,6078.34,3,4,4
17800,37,9,2374.42,3,4,3
17802,82,3,2570.08,2,3,3
17805,74,1,1024.62,2,2,2
17806,11,1,1092.08,4,2,2
17809,16,12,10823.82,4,4,4
17811,4,39,15523.64,4,4,4
17812,13,4,1399.62,4,3,3
17813,14,5,3396.14,4,4,4
17816,37,4,73.12,3,3,1
17817,4,3,775.36,4,3,2
17819,72,7,7409.74,2,4,4
17824,51,1,596.8,3,2,1
17827,5,5,3974.66,4,4,4
17828,23,4,3640.18,3,3,4
17829,299,1,1778.48,1,2,3
17830,2,3,797.4,4,3,2
17831,33,1,70.80000000000001,3,2,1
17832,50,1,310.74,3,2,1
17835,3,3,684.48,4,3,2
17836,47,1,220.42000000000002,3,2,1
17837,42,8,3082.46,3,4,3
17838,27,5,5441.6,3,4,4
17839,42,1,636.3,3,2,2
17841,2,124,81039.68,4,4,4
17843,303,1,410.96,1,2,1
17844,107,1,103.11999999999999,2,2,1
17846,85,1,4066.2,2,2,4
17848,81,9,1802.3999999999999,2,4,3
17849,218,4,1211.6000000000001,1,3,2
17850,372,34,10782.42,1,4,4
17852,12,2,228.68,4,3,1
17854,185,2,622.52,1,3,2
17855,373,1,417.94,1,2,1
17856,2,4,2836.06,4,3,3
17857,4,23,53758.08,4,4,4
17858,6,12,10281.32,4,4,4
17859,305,1,283.84000000000003,1,2,1
17860,369,1,452.90000000000003,1,2,1
17861,3,8,4195.76,4,4,4
17862,324,1,661.8,1,2,2
17863,59,6,6320.0,2,4,4
17864,13,3,1109.7,4,3,2
17865,31,20,21052.64,3,4,4
17866,143,1,659.3,1,2,2
17867,30,6,2315.7400000000002,3,4,3
17869,107,5,856.36,2,4,2
17870,2,12,3731.78,4,4,4
17871,205,1,311.8,1,2,1
17873,80,5,3697.92,2,4,4
17874,185,6,1366.92,1,4,3
17877,170,1,475.22,1,2,1
17878,44,1,758.9,3,2,2
17879,174,1,357.03999999999996,1,2,1
17880,365,1,917.84,1,2,2
17881,304,1,266.70000000000005,1,2,1
17883,3,4,1328.68,4,3,2
17884,4,4,1390.1399999999999,4,3,3
17885,12,1,312.68,4,2,1
17886,32,3,1738.56,3,3,3
17887,129,1,222.7,2,2,1
17888,21,8,1432.0,3,4,3
17889,212,2,402.74,1,3,1
17890,323,2,1173.78,1,3,2
17891,162,1,407.71999999999997,1,2,1
17892,56,3,488.2,2,3,1
17893,225,1,214.42,1,2,1
17894,72,8,2237.92,2,4,3
17895,44,1,190.9,3,2,1
17896,23,1,512.6400000000001,3,2,1
17897,173,3,1083.6200000000001,1,3,2
17898,85,2,304.12,2,3,1
17899,159,1,309.1,1,2,1
17900,190,2,224.39999999999998,1,3,1
17901,29,1,220.76,3,2,1
17904,21,1,362.14,3,2,1
17905,71,4,1597.98,2,3,3
17906,247,1,145.8,1,2,1
17908,374,1,464.06,1,2,1
17911,9,1,732.46,4,2,2
17912,310,5,620.12,1,4,2
17913,59,2,817.3,2,3,2
17914,4,1,658.72,4,2,2
17917,45,3,670.06,3,3,2
17919,88,1,2608.08,2,2,3
17920,4,17,8239.0,4,4,4
17921,64,4,1640.46,2,3,3
17923,282,1,415.00000000000006,1,2,1
17924,12,7,5925.0,4,4,4
17925,373,1,488.16,1,2,1
17926,133,2,794.58,2,3,2
17928,45,2,425.08,3,3,1
17929,11,4,1686.0,4,3,3
17930,36,5,3480.96,3,4,4
17931,134,2,816.72,2,3,2
17932,29,3,2663.14,3,3,3
17934,52,2,1408.5,2,3,3
17935,138,2,291.58,2,3,1
17936,5,1,760.26,4,2,2
17937,9,7,8602.44,4,4,4
17939,160,1,198.28,1,2,1
17940,49,10,8040.08,3,4,4
17941,131,1,609.12,2,2,1
17942,8,1,155.00000000000003,4,2,1
17946,233,2,299.15999999999997,1,3,1
17947,37,1,353.36,3,2,1
17948,147,1,717.1200000000001,1,2,2
17949,1,45,117020.96,4,4,4
17950,72,3,964.4,2,3,2
17951,40,3,2017.0800000000002,3,3,3
17954,5,12,4628.26,4,4,4
17955,199,4,1114.6,1,3,2
17956,249,1,25.5,1,2,1
17957,66,1,223.36,2,2,1
17958,117,1,1016.9199999999998,2,2,2
17960,171,1,147.56,1,2,1
17961,21,39,2592.88,3,4,3
17962,142,1,204.82,2,2,1
17964,32,2,926.42,3,3,2
17965,38,14,5198.38,3,4,4
17966,38,5,2196.86,3,4,3
17967,372,1,224.54,1,2,1
17968,374,1,530.2,1,2,1
17969,166,2,456.4,1,3,1
17970,211,1,1125.58,1,2,2
17972,242,1,270.38,1,2,1
17973,52,1,674.08,2,2,2
17974,25,3,1407.98,3,3,3
17975,15,13,8966.52,4,4,4
17976,372,1,643.58,1,2,2
17977,29,1,576.28,3,2,1
17978,365,1,601.8399999999999,1,2,1
17979,36,4,1464.82,3,3,3
17980,166,3,1622.9,1,3,3
17984,145,1,305.36,1,2,1
17985,22,1,1262.7,3,2,2
17986,56,1,41.6,2,2,1
17987,185,1,397.14,1,2,1
17988,12,7,402.24,4,4,1
17990,237,3,1261.68,1,3,2
17991,225,2,186.7,1,3,1
17994,122,4,1349.78,2,3,3
17995,282,1,152.2,1,2,1
17997,74,8,3924.92,2,4,4
17999,37,2,760.78,3,3,2
18001,12,2,830.26,4,3,2
18004,362,1,315.84,1,2,1
18005,4,2,452.94,4,3,1
18006,23,1,889.36,3,2,2
18008,70,9,4232.38,2,4,4
18009,235,1,494.78,1,2,1
18010,257,1,349.6,1,2,1
18011,373,1,205.57999999999998,1,2,1
18013,155,2,374.58,1,3,1
18014,28,1,324.44,3,2,1
18015,4,1,240.06,4,2,1
18016,32,5,2955.32,3,4,3
18017,81,3,1046.0,2,3,2
18018,108,2,244.28,2,3,1
18019,52,1,76.9,2,2,1
18022,36,1,1225.44,3,2,2
18024,153,2,779.56,1,3,2
18027,99,1,230.62,2,2,1
18030,4,2,461.29999999999995,4,3,1
18032,334,1,147.0,1,2,1
18033,65,1,187.64000000000001,2,2,1
18034,22,2,837.36,3,3,2
18035,36,3,1427.78,3,3,3
18036,32,3,806.24,3,3,2
18037,154,6,140.04,1,4,1
18040,19,2,714.4000000000001,3,3,2
18041,12,21,8194.74,4,4,4
18042,54,1,330.09999999999997,2,2,1
18043,25,3,1058.58,3,3,2
18044,4,10,4177.2,4,4,4
18045,45,1,356.68,3,2,1
18048,203,2,344.58000000000004,1,3,1
18050,359,1,148.8,1,2,1
18053,71,1,600.04,2,2,1
18055,7,10,13522.68,4,4,4
18056,288,1,727.3,1,2,2
18058,10,1,340.32,4,2,1
18059,23,3,612.92,3,3,1
18061,22,10,4238.82,3,4,4
18062,173,3,1441.04,1,3,3
18064,133,2,1628.0,2,3,3
18065,6,14,4785.66,4,4,4
18066,75,1,636.0,2,2,2
18067,40,1,792.66,3,2,2
18068,289,1,203.39999999999998,1,2,1
18069,26,5,4018.48,3,4,4
18071,258,2,906.0,1,3,2
18072,186,1,494.88,1,2,1
18073,114,12,7719.64,2,4,4
18074,374,1,979.2,1,2,2
18075,23,10,5223.5,3,4,4
18077,8,11,5168.82,4,4,4
18078,217,2,672.26,1,3,2
18079,45,4,7226.3,3,3,4
18080,19,2,2463.0,3,3,3
18081,36,3,686.9,3,3,2
18082,26,1,1361.68,3,2,3
18084,16,1,180.95999999999998,4,2,1
18085,330,2,1379.9,1,3,3
18086,274,1,202.68,1,2,1
18087,98,2,8111.44,2,3,4
18088,61,1,332.06,2,2,1
18092,2,11,18136.52,4,4,4
18093,93,4,4213.04,2,3,4
18094,82,7,6034.6,2,4,4
18095,313,2,1160.1000000000001,1,3,2
18096,12,3,1698.12,4,3,3
18097,8,6,5324.8,4,4,4
18099,127,1,336.62,2,2,1
18101,11,2,444.8,4,3,1
18102,1,60,519314.6,4,4,4
18104,37,1,1509.28,3,2,3
18105,38,1,226.96000000000004,3,2,1
18106,330,1,843.8,1,2,2
18108,254,1,542.0,1,2,1
18109,2,26,16009.84,4,4,4
18110,20,1,397.6,3,2,1
18112,12,2,705.38,4,3,2
18113,369,1,152.64000000000001,1,2,1
18114,290,1,440.2,1,2,1
18116,68,8,2806.2200000000003,2,4,3
18117,26,1,631.3,3,2,2
18118,11,26,11250.16,4,4,4
18119,368,1,361.4,1,2,1
18120,214,1,222.3,1,2,1
18121,149,2,1306.6,1,3,2
18122,8,6,3586.12,4,4,4
18123,24,2,1148.8799999999999,3,3,2
18125,30,4,2263.5,3,3,3
18126,61,1,401.84000000000003,2,2,1
18127,19,3,694.16,3,3,2
18129,243,1,225.10000000000002,1,2,1
18130,15,3,2118.78,4,3,3
18133,212,1,1862.9999999999998,1,2,3
18135,29,5,1363.8200000000002,3,4,3
18136,63,3,1568.66,2,3,3
18138,295,1,305.3,1,2,1
18139,18,6,16876.68,4,4,4
18142,157,2,2039.04,1,3,3
18143,117,2,2000.32,2,3,3
18144,8,12,5777.5,4,4,4
18145,13,4,5723.1,4,3,4
18146,141,2,320.70000000000005,2,3,1
18147,46,2,358.67999999999995,3,3,1
18149,51,3,1224.1599999999999,3,3,2
18150,32,3,1133.16,3,3,2
18151,135,2,1306.7,2,3,2
18154,3,2,798.38,4,3,2
18155,75,3,743.24,2,3,2
18156,13,2,1351.28,4,3,3
18158,9,2,906.8,4,3,2
18159,301,1,1060.3,1,2,2
18160,57,2,1276.1200000000001,2,3,2
18161,15,5,3237.38,4,4,3
18164,37,1,799.3000000000001,3,2,2
18165,177,1,604.9200000000001,1,2,1
18167,23,3,2769.7200000000003,3,3,3
18168,176,6,2320.08,1,4,3
18169,61,1,405.3,2,2,1
18170,33,3,1960.62,3,3,3
18171,59,5,2462.62,2,4,3
18172,15,20,15123.36,4,4,4
18173,87,4,4213.68,2,3,4
18174,7,1,208.0,4,2,1
18176,358,1,952.7,1,2,2
18177,31,6,2681.7400000000002,3,4,3
18178,129,4,3181.62,2,3,3
18179,9,6,3586.34,4,4,4
18180,5,6,3687.5,4,4,4
18181,24,1,733.7,3,2,2
18183,227,2,1264.14,1,3,2
18184,15,1,99.6,4,2,1
18185,249,1,608.5,1,2,1
18188,15,3,4002.08,4,3,4
18189,78,2,2180.48,2,3,3
18190,192,2,568.9200000000001,1,3,1
18191,262,1,415.59999999999997,1,2,1
18192,72,1,1915.94,2,2,3
18193,165,1,487.52,1,2,1
18194,82,1,1947.6799999999998,2,2,3
18196,95,2,1373.26,2,3,3
18198,4,17,10851.12,4,4,4
18200,106,1,300.7,2,2,1
18202,200,3,2793.98,1,3,3
18203,157,1,320.84000000000003,1,2,1
18204,71,3,3950.7,2,3,4
18205,36,2,1034.72,3,3,2
18209,29,1,278.20000000000005,3,2,1
18210,2,6,5242.76,4,4,4
18211,26,5,1200.14,3,4,2
18212,326,1,432.14,1,2,1
18213,237,1,464.96000000000004,1,2,1
18215,89,1,598.6800000000001,2,2,1
18216,31,1,963.5,3,2,2
18217,29,2,1243.5,3,3,2
18218,211,2,1283.84,1,3,2
18219,3,10,4139.54,4,4,4
18220,227,1,610.5600000000001,1,2,1
18221,22,5,2083.22,3,4,3
18222,93,1,886.0,2,2,2
18223,5,14,12969.08,4,4,4
18224,264,1,317.90000000000003,1,2,1
18225,3,12,11009.92,4,4,4
18226,44,11,10456.1,3,4,4
18227,218,1,187.5,1,2,1
18228,57,2,1559.8,2,3,3
18229,12,20,14553.800000000001,4,4,4
18230,9,7,5620.400000000001,4,4,4
18231,192,5,4143.54,1,4,4
18232,82,4,1185.94,2,3,2
18233,326,1,880.0,1,2,2
18235,72,3,3592.96,2,3,4
18236,30,6,1764.48,3,4,3
18237,3,5,1974.2,4,4,3
18239,219,5,3123.2200000000003,1,4,3
18240,46,1,845.16,3,2,2
18241,10,17,4146.18,4,4,4
18242,72,4,4464.9800000000005,2,3,4
18245,7,7,5134.12,4,4,4
18246,24,2,1192.2,3,3,2
18248,123,2,1608.04,2,3,3
18249,17,1,190.68,4,2,1
18250,310,1,698.54,1,2,2
18251,87,1,8629.44,2,2,4
18252,51,2,1036.54,3,3,2
18255,89,1,206.6,2,2,1
18257,39,8,4675.26,3,4,4
18259,25,3,4677.200000000001,3,3,4
18260,173,6,5256.7,1,4,4
18261,43,2,648.48,3,3,2
18262,140,1,298.96,2,2,1
18263,26,3,2426.3199999999997,3,3,3
18265,72,2,1603.02,2,3,3
18268,134,1,51.0,2,2,1
18269,366,1,337.2,1,2,1
18270,38,2,566.3,3,3,1
18272,3,6,6157.16,4,4,4
18273,2,3,408.0,4,3,1
18274,30,1,351.84,3,2,1
18276,44,1,671.72,3,2,2
18277,58,1,220.76,2,2,1
18278,74,1,347.8,2,2,1
18280,278,1,361.20000000000005,1,2,1
18281,181,1,161.64,1,2,1
18282,8,2,356.1,4,3,1
18283,4,16,4091.06,4,4,4
18287,43,3,3674.56,3,3,4
